-- Generated by Craft v2.6.3000 on Dec 12, 2017, 6:53:19 PM.

--
-- Disable foreign key checks and autocommit.
--

SET FOREIGN_KEY_CHECKS = 0;
SET SQL_MODE = "NO_AUTO_VALUE_ON_ZERO";
SET AUTOCOMMIT = 0;
SET NAMES utf8;


DROP TABLE IF EXISTS `craft_assetfiles`;


--
-- Schema for table `craft_assetfiles`
--
CREATE TABLE `craft_assetfiles` (
  `id` int(11) NOT NULL,
  `sourceId` int(11) DEFAULT NULL,
  `folderId` int(11) NOT NULL,
  `filename` varchar(255) COLLATE utf8_unicode_ci NOT NULL,
  `kind` varchar(50) COLLATE utf8_unicode_ci NOT NULL DEFAULT 'unknown',
  `width` int(11) unsigned DEFAULT NULL,
  `height` int(11) unsigned DEFAULT NULL,
  `size` bigint(20) unsigned DEFAULT NULL,
  `dateModified` datetime DEFAULT NULL,
  `dateCreated` datetime NOT NULL,
  `dateUpdated` datetime NOT NULL,
  `uid` char(36) COLLATE utf8_unicode_ci NOT NULL DEFAULT '0',
  PRIMARY KEY (`id`),
  UNIQUE KEY `craft_assetfiles_filename_folderId_unq_idx` (`filename`,`folderId`),
  KEY `craft_assetfiles_sourceId_fk` (`sourceId`),
  KEY `craft_assetfiles_folderId_fk` (`folderId`)
) ENGINE=InnoDB DEFAULT CHARSET=utf8 COLLATE=utf8_unicode_ci;

--
-- Data for table `craft_assetfiles`
--

INSERT INTO `craft_assetfiles` (`id`, `sourceId`, `folderId`, `filename`, `kind`, `width`, `height`, `size`, `dateModified`, `dateCreated`, `dateUpdated`, `uid`) VALUES
 ('5', '1', '1', 'Screen-Shot-2017-12-05-at-7.07.13-PM.png', 'image', '251', '155', '91018', '2017-12-10 20:35:58', '2017-12-10 20:35:59', '2017-12-10 20:35:59', '42720021-a2d6-4252-8cce-8768dce6b7c5'),
 ('25', '1', '1', 'InstructionBlockPhoto1.jpg', 'image', '2880', '1790', '755778', '2017-12-11 23:05:31', '2017-12-11 23:06:03', '2017-12-11 23:06:04', 'b564d7e6-3c03-4098-9d6f-91e2878b30f1'),
 ('26', '1', '1', 'InstructionBlockPhoto2.gif', 'image', '820', '520', '113250', '2017-12-11 23:05:34', '2017-12-11 23:06:04', '2017-12-11 23:06:04', '39f05036-6214-4712-bb51-41382a82b439'),
 ('27', '1', '1', 'QuickGuidePreview.png', 'image', '1000', '417', '21487', '2017-12-11 23:05:35', '2017-12-11 23:06:05', '2017-12-11 23:06:05', '94b7f27f-5da5-431a-9e8a-9801da02c063');



DROP TABLE IF EXISTS `craft_assetfolders`;


--
-- Schema for table `craft_assetfolders`
--
CREATE TABLE `craft_assetfolders` (
  `id` int(11) NOT NULL AUTO_INCREMENT,
  `parentId` int(11) DEFAULT NULL,
  `sourceId` int(11) DEFAULT NULL,
  `name` varchar(255) COLLATE utf8_unicode_ci NOT NULL,
  `path` varchar(255) COLLATE utf8_unicode_ci DEFAULT NULL,
  `dateCreated` datetime NOT NULL,
  `dateUpdated` datetime NOT NULL,
  `uid` char(36) COLLATE utf8_unicode_ci NOT NULL DEFAULT '0',
  PRIMARY KEY (`id`),
  UNIQUE KEY `craft_assetfolders_name_parentId_sourceId_unq_idx` (`name`,`parentId`,`sourceId`),
  KEY `craft_assetfolders_parentId_fk` (`parentId`),
  KEY `craft_assetfolders_sourceId_fk` (`sourceId`)
) ENGINE=InnoDB AUTO_INCREMENT=4 DEFAULT CHARSET=utf8 COLLATE=utf8_unicode_ci;

--
-- Data for table `craft_assetfolders`
--

INSERT INTO `craft_assetfolders` (`id`, `parentId`, `sourceId`, `name`, `path`, `dateCreated`, `dateUpdated`, `uid`) VALUES
 ('1', NULL, '1', 'Images', '', '2017-12-10 20:19:06', '2017-12-10 20:19:06', 'e9be9ea8-47a4-4809-b763-7e6e26f8ef14');



DROP TABLE IF EXISTS `craft_assetindexdata`;


--
-- Schema for table `craft_assetindexdata`
--
CREATE TABLE `craft_assetindexdata` (
  `id` int(11) NOT NULL AUTO_INCREMENT,
  `sessionId` varchar(36) COLLATE utf8_unicode_ci NOT NULL DEFAULT '',
  `sourceId` int(10) NOT NULL,
  `offset` int(10) NOT NULL,
  `uri` varchar(255) COLLATE utf8_unicode_ci DEFAULT NULL,
  `size` varchar(255) COLLATE utf8_unicode_ci DEFAULT NULL,
  `recordId` int(10) DEFAULT NULL,
  `dateCreated` datetime NOT NULL,
  `dateUpdated` datetime NOT NULL,
  `uid` char(36) COLLATE utf8_unicode_ci NOT NULL DEFAULT '0',
  PRIMARY KEY (`id`),
  UNIQUE KEY `craft_assetindexdata_sessionId_sourceId_offset_unq_idx` (`sessionId`,`sourceId`,`offset`),
  KEY `craft_assetindexdata_sourceId_fk` (`sourceId`)
) ENGINE=InnoDB DEFAULT CHARSET=utf8 COLLATE=utf8_unicode_ci;

DROP TABLE IF EXISTS `craft_assetsources`;


--
-- Schema for table `craft_assetsources`
--
CREATE TABLE `craft_assetsources` (
  `id` int(11) NOT NULL AUTO_INCREMENT,
  `name` varchar(255) COLLATE utf8_unicode_ci NOT NULL,
  `handle` varchar(255) COLLATE utf8_unicode_ci NOT NULL,
  `type` varchar(150) COLLATE utf8_unicode_ci NOT NULL,
  `settings` text COLLATE utf8_unicode_ci,
  `sortOrder` smallint(6) unsigned DEFAULT NULL,
  `fieldLayoutId` int(10) DEFAULT NULL,
  `dateCreated` datetime NOT NULL,
  `dateUpdated` datetime NOT NULL,
  `uid` char(36) COLLATE utf8_unicode_ci NOT NULL DEFAULT '0',
  PRIMARY KEY (`id`),
  UNIQUE KEY `craft_assetsources_name_unq_idx` (`name`),
  UNIQUE KEY `craft_assetsources_handle_unq_idx` (`handle`),
  KEY `craft_assetsources_fieldLayoutId_fk` (`fieldLayoutId`)
) ENGINE=InnoDB AUTO_INCREMENT=4 DEFAULT CHARSET=utf8 COLLATE=utf8_unicode_ci;

--
-- Data for table `craft_assetsources`
--

INSERT INTO `craft_assetsources` (`id`, `name`, `handle`, `type`, `settings`, `sortOrder`, `fieldLayoutId`, `dateCreated`, `dateUpdated`, `uid`) VALUES
 ('1', 'Images', 'images', 'Local', '{\"path\":\"images\\/\",\"publicURLs\":\"1\",\"url\":\"{baseUrl}images\\/\"}', '1', '7', '2017-12-10 20:19:06', '2017-12-10 20:19:06', 'b82de952-58d8-4734-8908-693d281a567b');



DROP TABLE IF EXISTS `craft_assettransformindex`;


--
-- Schema for table `craft_assettransformindex`
--
CREATE TABLE `craft_assettransformindex` (
  `id` int(11) NOT NULL AUTO_INCREMENT,
  `fileId` int(11) NOT NULL,
  `filename` varchar(255) COLLATE utf8_unicode_ci DEFAULT NULL,
  `format` varchar(255) COLLATE utf8_unicode_ci DEFAULT NULL,
  `location` varchar(255) COLLATE utf8_unicode_ci NOT NULL,
  `sourceId` int(11) DEFAULT NULL,
  `fileExists` tinyint(1) DEFAULT NULL,
  `inProgress` tinyint(1) DEFAULT NULL,
  `dateIndexed` datetime DEFAULT NULL,
  `dateCreated` datetime NOT NULL,
  `dateUpdated` datetime NOT NULL,
  `uid` char(36) COLLATE utf8_unicode_ci NOT NULL DEFAULT '0',
  PRIMARY KEY (`id`),
  KEY `craft_assettransformindex_sourceId_fileId_location_idx` (`sourceId`,`fileId`,`location`)
) ENGINE=InnoDB DEFAULT CHARSET=utf8 COLLATE=utf8_unicode_ci;

DROP TABLE IF EXISTS `craft_assettransforms`;


--
-- Schema for table `craft_assettransforms`
--
CREATE TABLE `craft_assettransforms` (
  `id` int(11) NOT NULL AUTO_INCREMENT,
  `name` varchar(255) COLLATE utf8_unicode_ci NOT NULL,
  `handle` varchar(255) COLLATE utf8_unicode_ci NOT NULL,
  `mode` enum('stretch','fit','crop') COLLATE utf8_unicode_ci NOT NULL DEFAULT 'crop',
  `position` enum('top-left','top-center','top-right','center-left','center-center','center-right','bottom-left','bottom-center','bottom-right') COLLATE utf8_unicode_ci NOT NULL DEFAULT 'center-center',
  `height` int(10) DEFAULT NULL,
  `width` int(10) DEFAULT NULL,
  `format` varchar(255) COLLATE utf8_unicode_ci DEFAULT NULL,
  `quality` int(10) DEFAULT NULL,
  `dimensionChangeTime` datetime DEFAULT NULL,
  `dateCreated` datetime NOT NULL,
  `dateUpdated` datetime NOT NULL,
  `uid` char(36) COLLATE utf8_unicode_ci NOT NULL DEFAULT '0',
  PRIMARY KEY (`id`),
  UNIQUE KEY `craft_assettransforms_name_unq_idx` (`name`),
  UNIQUE KEY `craft_assettransforms_handle_unq_idx` (`handle`)
) ENGINE=InnoDB DEFAULT CHARSET=utf8 COLLATE=utf8_unicode_ci;

DROP TABLE IF EXISTS `craft_categories`;


--
-- Schema for table `craft_categories`
--
CREATE TABLE `craft_categories` (
  `id` int(11) NOT NULL,
  `groupId` int(11) NOT NULL,
  `dateCreated` datetime NOT NULL,
  `dateUpdated` datetime NOT NULL,
  `uid` char(36) COLLATE utf8_unicode_ci NOT NULL DEFAULT '0',
  PRIMARY KEY (`id`),
  KEY `craft_categories_groupId_fk` (`groupId`)
) ENGINE=InnoDB DEFAULT CHARSET=utf8 COLLATE=utf8_unicode_ci;

DROP TABLE IF EXISTS `craft_categorygroups`;


--
-- Schema for table `craft_categorygroups`
--
CREATE TABLE `craft_categorygroups` (
  `id` int(11) NOT NULL AUTO_INCREMENT,
  `structureId` int(11) NOT NULL,
  `fieldLayoutId` int(11) DEFAULT NULL,
  `name` varchar(255) COLLATE utf8_unicode_ci NOT NULL,
  `handle` varchar(255) COLLATE utf8_unicode_ci NOT NULL,
  `hasUrls` tinyint(1) unsigned NOT NULL DEFAULT '1',
  `template` varchar(500) COLLATE utf8_unicode_ci DEFAULT NULL,
  `dateCreated` datetime NOT NULL,
  `dateUpdated` datetime NOT NULL,
  `uid` char(36) COLLATE utf8_unicode_ci NOT NULL DEFAULT '0',
  PRIMARY KEY (`id`),
  UNIQUE KEY `craft_categorygroups_name_unq_idx` (`name`),
  UNIQUE KEY `craft_categorygroups_handle_unq_idx` (`handle`),
  KEY `craft_categorygroups_structureId_fk` (`structureId`),
  KEY `craft_categorygroups_fieldLayoutId_fk` (`fieldLayoutId`)
) ENGINE=InnoDB DEFAULT CHARSET=utf8 COLLATE=utf8_unicode_ci;

DROP TABLE IF EXISTS `craft_categorygroups_i18n`;


--
-- Schema for table `craft_categorygroups_i18n`
--
CREATE TABLE `craft_categorygroups_i18n` (
  `id` int(11) NOT NULL AUTO_INCREMENT,
  `groupId` int(11) NOT NULL,
  `locale` char(12) COLLATE utf8_unicode_ci NOT NULL,
  `urlFormat` text COLLATE utf8_unicode_ci,
  `nestedUrlFormat` text COLLATE utf8_unicode_ci,
  `dateCreated` datetime NOT NULL,
  `dateUpdated` datetime NOT NULL,
  `uid` char(36) COLLATE utf8_unicode_ci NOT NULL DEFAULT '0',
  PRIMARY KEY (`id`),
  UNIQUE KEY `craft_categorygroups_i18n_groupId_locale_unq_idx` (`groupId`,`locale`),
  KEY `craft_categorygroups_i18n_locale_fk` (`locale`)
) ENGINE=InnoDB DEFAULT CHARSET=utf8 COLLATE=utf8_unicode_ci;

DROP TABLE IF EXISTS `craft_content`;


--
-- Schema for table `craft_content`
--
CREATE TABLE `craft_content` (
  `id` int(11) NOT NULL AUTO_INCREMENT,
  `elementId` int(11) NOT NULL,
  `locale` char(12) COLLATE utf8_unicode_ci NOT NULL,
  `title` varchar(255) COLLATE utf8_unicode_ci DEFAULT NULL,
  `field_description` text COLLATE utf8_unicode_ci,
  `dateCreated` datetime NOT NULL,
  `dateUpdated` datetime NOT NULL,
  `uid` char(36) COLLATE utf8_unicode_ci NOT NULL DEFAULT '0',
  PRIMARY KEY (`id`),
  UNIQUE KEY `craft_content_elementId_locale_unq_idx` (`elementId`,`locale`),
  KEY `craft_content_title_idx` (`title`),
  KEY `craft_content_locale_fk` (`locale`)
) ENGINE=InnoDB AUTO_INCREMENT=27 DEFAULT CHARSET=utf8 COLLATE=utf8_unicode_ci;

--
-- Data for table `craft_content`
--

INSERT INTO `craft_content` (`id`, `elementId`, `locale`, `title`, `field_description`, `dateCreated`, `dateUpdated`, `uid`) VALUES
 ('1', '1', 'en_us', NULL, NULL, '2017-12-10 19:43:08', '2017-12-10 19:43:08', '5a9aa19c-fe5e-4b88-acc3-d160ddf33917'),
 ('5', '5', 'en_us', 'Screen Shot 2017 12 05 At 7 07 13 Pm', NULL, '2017-12-10 20:35:58', '2017-12-10 20:35:58', '8fe8cae4-baf2-4859-8e11-18691176739c'),
 ('23', '25', 'en_us', 'Instruction Block Photo1', NULL, '2017-12-11 23:06:03', '2017-12-11 23:06:04', '5fb420e8-464b-4413-b526-3911854f6238'),
 ('24', '26', 'en_us', 'Instruction Block Photo2', NULL, '2017-12-11 23:06:04', '2017-12-11 23:06:04', '3cdbb4a2-8797-49ca-ac2a-7f7fb0b95005'),
 ('25', '27', 'en_us', 'Quick Guide Preview', NULL, '2017-12-11 23:06:05', '2017-12-11 23:06:05', '6e22f615-f28d-4166-96cc-5db1afc9a00f'),
 ('26', '28', 'en_us', 'Watch and Review Video', 'Once your video is uploaded, you can start adding comments and drawings, and save individual clips and playlists to share with the team.', '2017-12-11 23:06:26', '2017-12-12 01:38:33', '625bbee8-e20e-4ab2-b804-727a89f2344c');



DROP TABLE IF EXISTS `craft_deprecationerrors`;


--
-- Schema for table `craft_deprecationerrors`
--
CREATE TABLE `craft_deprecationerrors` (
  `id` int(11) NOT NULL AUTO_INCREMENT,
  `key` varchar(255) COLLATE utf8_unicode_ci NOT NULL,
  `fingerprint` varchar(255) COLLATE utf8_unicode_ci NOT NULL,
  `lastOccurrence` datetime NOT NULL,
  `file` varchar(255) COLLATE utf8_unicode_ci NOT NULL,
  `line` smallint(6) unsigned NOT NULL,
  `class` varchar(255) COLLATE utf8_unicode_ci DEFAULT NULL,
  `method` varchar(255) COLLATE utf8_unicode_ci DEFAULT NULL,
  `template` varchar(255) COLLATE utf8_unicode_ci DEFAULT NULL,
  `templateLine` smallint(6) unsigned DEFAULT NULL,
  `message` varchar(255) COLLATE utf8_unicode_ci DEFAULT NULL,
  `traces` text COLLATE utf8_unicode_ci,
  `dateCreated` datetime NOT NULL,
  `dateUpdated` datetime NOT NULL,
  `uid` char(36) COLLATE utf8_unicode_ci NOT NULL DEFAULT '0',
  PRIMARY KEY (`id`),
  UNIQUE KEY `craft_deprecationerrors_key_fingerprint_unq_idx` (`key`,`fingerprint`)
) ENGINE=InnoDB DEFAULT CHARSET=utf8 COLLATE=utf8_unicode_ci;

DROP TABLE IF EXISTS `craft_elementindexsettings`;


--
-- Schema for table `craft_elementindexsettings`
--
CREATE TABLE `craft_elementindexsettings` (
  `id` int(11) NOT NULL AUTO_INCREMENT,
  `type` varchar(150) COLLATE utf8_unicode_ci NOT NULL,
  `settings` text COLLATE utf8_unicode_ci,
  `dateCreated` datetime NOT NULL,
  `dateUpdated` datetime NOT NULL,
  `uid` char(36) COLLATE utf8_unicode_ci NOT NULL DEFAULT '0',
  PRIMARY KEY (`id`),
  UNIQUE KEY `craft_elementindexsettings_type_unq_idx` (`type`)
) ENGINE=InnoDB AUTO_INCREMENT=5 DEFAULT CHARSET=utf8 COLLATE=utf8_unicode_ci;

--
-- Data for table `craft_elementindexsettings`
--

INSERT INTO `craft_elementindexsettings` (`id`, `type`, `settings`, `dateCreated`, `dateUpdated`, `uid`) VALUES
 ('1', 'Entry', '{\"sources\":{\"section:5\":{\"tableAttributes\":{\"1\":\"postDate\",\"2\":\"expiryDate\",\"3\":\"link\",\"4\":\"slug\",\"5\":\"uri\",\"6\":\"section\",\"7\":\"type\"}}}}', '2017-12-11 22:40:13', '2017-12-11 23:28:02', 'a2e9f600-fe54-42dc-bfe8-9d754e7c2d44');



DROP TABLE IF EXISTS `craft_elements`;


--
-- Schema for table `craft_elements`
--
CREATE TABLE `craft_elements` (
  `id` int(11) NOT NULL AUTO_INCREMENT,
  `type` varchar(150) COLLATE utf8_unicode_ci NOT NULL,
  `enabled` tinyint(1) unsigned NOT NULL DEFAULT '1',
  `archived` tinyint(1) unsigned NOT NULL DEFAULT '0',
  `dateCreated` datetime NOT NULL,
  `dateUpdated` datetime NOT NULL,
  `uid` char(36) COLLATE utf8_unicode_ci NOT NULL DEFAULT '0',
  PRIMARY KEY (`id`),
  KEY `craft_elements_type_idx` (`type`),
  KEY `craft_elements_enabled_idx` (`enabled`),
  KEY `craft_elements_archived_dateCreated_idx` (`archived`,`dateCreated`)
) ENGINE=InnoDB AUTO_INCREMENT=31 DEFAULT CHARSET=utf8 COLLATE=utf8_unicode_ci;

--
-- Data for table `craft_elements`
--

INSERT INTO `craft_elements` (`id`, `type`, `enabled`, `archived`, `dateCreated`, `dateUpdated`, `uid`) VALUES
 ('1', 'User', '1', '0', '2017-12-10 19:43:08', '2017-12-10 19:43:08', '6667cbb5-e380-4525-95a2-58f466b0c6a8'),
 ('5', 'Asset', '1', '0', '2017-12-10 20:35:58', '2017-12-10 20:35:58', '6e148838-be4d-456c-8174-5af6d4548504'),
 ('25', 'Asset', '1', '0', '2017-12-11 23:06:03', '2017-12-11 23:06:04', 'c2eb8885-86ce-4a54-a431-1fa5876345a1'),
 ('26', 'Asset', '1', '0', '2017-12-11 23:06:04', '2017-12-11 23:06:04', '3f58535e-42bf-484f-85d0-1bafd3434a34'),
 ('27', 'Asset', '1', '0', '2017-12-11 23:06:05', '2017-12-11 23:06:05', 'd1696be5-48d4-42c1-82f3-971a9b97e395'),
 ('28', 'Entry', '1', '0', '2017-12-11 23:06:26', '2017-12-12 01:38:33', '934ecbaf-4d34-4cac-9a86-cd0ff08da9f5'),
 ('29', 'MatrixBlock', '1', '0', '2017-12-11 23:06:27', '2017-12-12 01:38:34', '26072885-d38c-423b-93f2-8b9c628b8e67'),
 ('30', 'MatrixBlock', '1', '0', '2017-12-11 23:11:14', '2017-12-12 01:38:34', '1f2f5263-5e36-402f-8b38-ab2ea1f82698');



DROP TABLE IF EXISTS `craft_elements_i18n`;


--
-- Schema for table `craft_elements_i18n`
--
CREATE TABLE `craft_elements_i18n` (
  `id` int(11) NOT NULL AUTO_INCREMENT,
  `elementId` int(11) NOT NULL,
  `locale` char(12) COLLATE utf8_unicode_ci NOT NULL,
  `slug` varchar(255) COLLATE utf8_unicode_ci DEFAULT NULL,
  `uri` varchar(255) COLLATE utf8_unicode_ci DEFAULT NULL,
  `enabled` tinyint(1) unsigned NOT NULL DEFAULT '1',
  `dateCreated` datetime NOT NULL,
  `dateUpdated` datetime NOT NULL,
  `uid` char(36) COLLATE utf8_unicode_ci NOT NULL DEFAULT '0',
  PRIMARY KEY (`id`),
  UNIQUE KEY `craft_elements_i18n_elementId_locale_unq_idx` (`elementId`,`locale`),
  UNIQUE KEY `craft_elements_i18n_uri_locale_unq_idx` (`uri`,`locale`),
  KEY `craft_elements_i18n_slug_locale_idx` (`slug`,`locale`),
  KEY `craft_elements_i18n_enabled_idx` (`enabled`),
  KEY `craft_elements_i18n_locale_fk` (`locale`)
) ENGINE=InnoDB AUTO_INCREMENT=31 DEFAULT CHARSET=utf8 COLLATE=utf8_unicode_ci;

--
-- Data for table `craft_elements_i18n`
--

INSERT INTO `craft_elements_i18n` (`id`, `elementId`, `locale`, `slug`, `uri`, `enabled`, `dateCreated`, `dateUpdated`, `uid`) VALUES
 ('1', '1', 'en_us', '', NULL, '1', '2017-12-10 19:43:08', '2017-12-10 19:43:08', '41579e91-644f-489c-980c-0def316d31bc'),
 ('5', '5', 'en_us', 'screen-shot-2017-12-05-at-7-07-13-pm', NULL, '1', '2017-12-10 20:35:58', '2017-12-10 20:35:58', '822f7e57-80b3-46e1-9485-4b8bd30ce061'),
 ('25', '25', 'en_us', 'instruction-block-photo1', NULL, '1', '2017-12-11 23:06:03', '2017-12-11 23:06:04', 'ad5f14fa-4bc2-4d19-9fab-e64eabff3661'),
 ('26', '26', 'en_us', 'instruction-block-photo2', NULL, '1', '2017-12-11 23:06:04', '2017-12-11 23:06:04', '90180a86-331d-440f-8fb6-036f7808cff3'),
 ('27', '27', 'en_us', 'quick-guide-preview', NULL, '1', '2017-12-11 23:06:05', '2017-12-11 23:06:05', '7c4df76d-91c1-4906-8c65-0f48ede50e31'),
 ('28', '28', 'en_us', 'watch-and-review-video', 'guides/watch-and-review-video', '1', '2017-12-11 23:06:27', '2017-12-12 01:38:34', '38319c25-41e0-43cd-9348-ec764503f0a0'),
 ('29', '29', 'en_us', '', NULL, '1', '2017-12-11 23:06:27', '2017-12-12 01:38:34', '25095a2e-f608-4920-9279-9900727ae7f4'),
 ('30', '30', 'en_us', '', NULL, '1', '2017-12-11 23:11:14', '2017-12-12 01:38:34', '7ab738d2-11ee-459a-9fef-8cbe2f7fcbca');



DROP TABLE IF EXISTS `craft_emailmessages`;


--
-- Schema for table `craft_emailmessages`
--
CREATE TABLE `craft_emailmessages` (
  `id` int(11) NOT NULL AUTO_INCREMENT,
  `key` char(150) COLLATE utf8_unicode_ci NOT NULL,
  `locale` char(12) COLLATE utf8_unicode_ci NOT NULL,
  `subject` varchar(1000) COLLATE utf8_unicode_ci NOT NULL,
  `body` text COLLATE utf8_unicode_ci NOT NULL,
  `dateCreated` datetime NOT NULL,
  `dateUpdated` datetime NOT NULL,
  `uid` char(36) COLLATE utf8_unicode_ci NOT NULL DEFAULT '0',
  PRIMARY KEY (`id`),
  UNIQUE KEY `craft_emailmessages_key_locale_unq_idx` (`key`,`locale`),
  KEY `craft_emailmessages_locale_fk` (`locale`)
) ENGINE=InnoDB DEFAULT CHARSET=utf8 COLLATE=utf8_unicode_ci;

DROP TABLE IF EXISTS `craft_entries`;


--
-- Schema for table `craft_entries`
--
CREATE TABLE `craft_entries` (
  `id` int(11) NOT NULL,
  `sectionId` int(11) NOT NULL,
  `typeId` int(11) DEFAULT NULL,
  `authorId` int(11) DEFAULT NULL,
  `postDate` datetime DEFAULT NULL,
  `expiryDate` datetime DEFAULT NULL,
  `dateCreated` datetime NOT NULL,
  `dateUpdated` datetime NOT NULL,
  `uid` char(36) COLLATE utf8_unicode_ci NOT NULL DEFAULT '0',
  PRIMARY KEY (`id`),
  KEY `craft_entries_sectionId_idx` (`sectionId`),
  KEY `craft_entries_typeId_idx` (`typeId`),
  KEY `craft_entries_postDate_idx` (`postDate`),
  KEY `craft_entries_expiryDate_idx` (`expiryDate`),
  KEY `craft_entries_authorId_fk` (`authorId`)
) ENGINE=InnoDB DEFAULT CHARSET=utf8 COLLATE=utf8_unicode_ci;

--
-- Data for table `craft_entries`
--

INSERT INTO `craft_entries` (`id`, `sectionId`, `typeId`, `authorId`, `postDate`, `expiryDate`, `dateCreated`, `dateUpdated`, `uid`) VALUES
 ('28', '5', '10', '1', '2017-12-11 23:06:00', NULL, '2017-12-11 23:06:27', '2017-12-12 01:38:34', 'a8b0f279-356f-4645-9164-95aa0658b330');



DROP TABLE IF EXISTS `craft_entrydrafts`;


--
-- Schema for table `craft_entrydrafts`
--
CREATE TABLE `craft_entrydrafts` (
  `id` int(11) NOT NULL AUTO_INCREMENT,
  `entryId` int(11) NOT NULL,
  `sectionId` int(11) NOT NULL,
  `creatorId` int(11) NOT NULL,
  `locale` char(12) COLLATE utf8_unicode_ci NOT NULL,
  `name` varchar(255) COLLATE utf8_unicode_ci NOT NULL,
  `notes` tinytext COLLATE utf8_unicode_ci,
  `data` mediumtext COLLATE utf8_unicode_ci NOT NULL,
  `dateCreated` datetime NOT NULL,
  `dateUpdated` datetime NOT NULL,
  `uid` char(36) COLLATE utf8_unicode_ci NOT NULL DEFAULT '0',
  PRIMARY KEY (`id`),
  KEY `craft_entrydrafts_entryId_locale_idx` (`entryId`,`locale`),
  KEY `craft_entrydrafts_sectionId_fk` (`sectionId`),
  KEY `craft_entrydrafts_creatorId_fk` (`creatorId`),
  KEY `craft_entrydrafts_locale_fk` (`locale`)
) ENGINE=InnoDB DEFAULT CHARSET=utf8 COLLATE=utf8_unicode_ci;

DROP TABLE IF EXISTS `craft_entrytypes`;


--
-- Schema for table `craft_entrytypes`
--
CREATE TABLE `craft_entrytypes` (
  `id` int(11) NOT NULL AUTO_INCREMENT,
  `sectionId` int(11) NOT NULL,
  `fieldLayoutId` int(11) DEFAULT NULL,
  `name` varchar(255) COLLATE utf8_unicode_ci NOT NULL,
  `handle` varchar(255) COLLATE utf8_unicode_ci NOT NULL,
  `hasTitleField` tinyint(1) unsigned NOT NULL DEFAULT '1',
  `titleLabel` varchar(255) COLLATE utf8_unicode_ci DEFAULT 'Title',
  `titleFormat` varchar(255) COLLATE utf8_unicode_ci DEFAULT NULL,
  `sortOrder` smallint(6) unsigned DEFAULT NULL,
  `dateCreated` datetime NOT NULL,
  `dateUpdated` datetime NOT NULL,
  `uid` char(36) COLLATE utf8_unicode_ci NOT NULL DEFAULT '0',
  PRIMARY KEY (`id`),
  UNIQUE KEY `craft_entrytypes_name_sectionId_unq_idx` (`name`,`sectionId`),
  UNIQUE KEY `craft_entrytypes_handle_sectionId_unq_idx` (`handle`,`sectionId`),
  KEY `craft_entrytypes_sectionId_fk` (`sectionId`),
  KEY `craft_entrytypes_fieldLayoutId_fk` (`fieldLayoutId`)
) ENGINE=InnoDB AUTO_INCREMENT=11 DEFAULT CHARSET=utf8 COLLATE=utf8_unicode_ci;

--
-- Data for table `craft_entrytypes`
--

INSERT INTO `craft_entrytypes` (`id`, `sectionId`, `fieldLayoutId`, `name`, `handle`, `hasTitleField`, `titleLabel`, `titleFormat`, `sortOrder`, `dateCreated`, `dateUpdated`, `uid`) VALUES
 ('10', '5', '24', 'Quick Guide', 'quickGuide', '1', 'Title', NULL, '2', '2017-12-11 22:16:06', '2017-12-11 22:55:48', '0c0396c8-efa8-4448-afa0-2b7d70f7d1a0');



DROP TABLE IF EXISTS `craft_entryversions`;


--
-- Schema for table `craft_entryversions`
--
CREATE TABLE `craft_entryversions` (
  `id` int(11) NOT NULL AUTO_INCREMENT,
  `entryId` int(11) NOT NULL,
  `sectionId` int(11) NOT NULL,
  `creatorId` int(11) DEFAULT NULL,
  `locale` char(12) COLLATE utf8_unicode_ci NOT NULL,
  `num` smallint(6) unsigned NOT NULL,
  `notes` tinytext COLLATE utf8_unicode_ci,
  `data` mediumtext COLLATE utf8_unicode_ci NOT NULL,
  `dateCreated` datetime NOT NULL,
  `dateUpdated` datetime NOT NULL,
  `uid` char(36) COLLATE utf8_unicode_ci NOT NULL DEFAULT '0',
  PRIMARY KEY (`id`),
  KEY `craft_entryversions_entryId_locale_idx` (`entryId`,`locale`),
  KEY `craft_entryversions_sectionId_fk` (`sectionId`),
  KEY `craft_entryversions_creatorId_fk` (`creatorId`),
  KEY `craft_entryversions_locale_fk` (`locale`)
) ENGINE=InnoDB AUTO_INCREMENT=21 DEFAULT CHARSET=utf8 COLLATE=utf8_unicode_ci;

--
-- Data for table `craft_entryversions`
--

INSERT INTO `craft_entryversions` (`id`, `entryId`, `sectionId`, `creatorId`, `locale`, `num`, `notes`, `data`, `dateCreated`, `dateUpdated`, `uid`) VALUES
 ('16', '28', '5', '1', 'en_us', '1', '', '{\"typeId\":null,\"authorId\":\"1\",\"title\":\"Watch and Review Video\",\"slug\":\"watch-and-review-video\",\"postDate\":1513033585,\"expiryDate\":null,\"enabled\":1,\"parentId\":null,\"fields\":{\"17\":\"Once your video is uploaded, you can start adding comments and drawings, and save individual clips and playlists to share with the team.\",\"19\":{\"new1\":{\"type\":\"instructionBlock\",\"enabled\":\"1\",\"fields\":{\"header\":\"Comment on your video.\",\"details\":\"<p>Have a good (or bad) play you want to call out?<\\/p>\\r\\n<ol><li>Click&nbsp;<b>Video<\\/b>.<\\/li><li>Play the game you uploaded.<\\/li><li>Click&nbsp;<b>Add a comment<\\/b>&nbsp;and type away.<\\/li><li>Save the new clip to a playlist for later review.<\\/li><\\/ol><p><\\/p>\",\"links\":\"<ul><li><a href=\\\"https:\\/\\/www.hudl.com\\/support\\/v3\\/watch-and-manage-video\\/watch-and-manage-video\\/create-comments-and-drawings\\\" target=\\\"_blank\\\">Learn more about adding comments and drawings.<\\/a><\\/li><li><a href=\\\"https:\\/\\/www.hudl.com\\/support\\/v3\\/review-and-share-video\\/review-video\\/create-playlists-1\\\">Learn how to create a playlist with clips.<\\/a><\\/li><\\/ul>\"}}},\"18\":[\"27\"]}}', '2017-12-11 23:06:27', '2017-12-11 23:06:27', '86a5029a-6bde-4104-8b64-8d22951589e6'),
 ('17', '28', '5', '1', 'en_us', '2', '', '{\"typeId\":\"10\",\"authorId\":\"1\",\"title\":\"Watch and Review Video\",\"slug\":\"watch-and-review-video\",\"postDate\":1513033560,\"expiryDate\":null,\"enabled\":1,\"parentId\":null,\"fields\":{\"17\":\"Once your video is uploaded, you can start adding comments and drawings, and save individual clips and playlists to share with the team.\",\"19\":{\"new1\":{\"type\":\"instructionBlock\",\"enabled\":\"1\",\"fields\":{\"header\":\"Add a video.\",\"details\":\"<p>Likely the main reason you\\u2019re here.<\\/p>\\r\\n<ol><li>Click&nbsp;<b>Upload<\\/b>.<\\/li><li>Drag and drop your video, or select the file from your computer.<\\/li><li>Add details such as Video Type or Schedule Event.<\\/li><\\/ol>\",\"links\":\"<p><a href=\\\"https:\\/\\/www.hudl.com\\/support\\/v3\\/get-video-online\\/upload-video-from-a-computer\\/upload-from-a-computer1\\\" target=\\\"_blank\\\">Learn more about uploading from a computer.<\\/a><\\/p>\",\"helperImage\":[\"26\"]}},\"29\":{\"type\":\"instructionBlock\",\"enabled\":\"1\",\"fields\":{\"header\":\"Comment on your video.\",\"details\":\"<p>Have a good (or bad) play you want to call out?<\\/p>\\r\\n<ol><li>Click&nbsp;<strong>Video<\\/strong>.<\\/li><li>Play the game you uploaded.<\\/li><li>Click&nbsp;<strong>Add a comment<\\/strong>&nbsp;and type away.<\\/li><li>Save the new clip to a playlist for later review.<\\/li><\\/ol>\",\"links\":\"<p><a href=\\\"https:\\/\\/www.hudl.com\\/support\\/v3\\/watch-and-manage-video\\/watch-and-manage-video\\/create-comments-and-drawings\\\" target=\\\"_blank\\\" rel=\\\"noreferrer noopener\\\">Learn more about adding comments and drawings.<\\/a><\\/p><p><a href=\\\"https:\\/\\/www.hudl.com\\/support\\/v3\\/review-and-share-video\\/review-video\\/create-playlists-1\\\" style=\\\"background-color: initial;\\\">Learn how to create a playlist with clips.<\\/a><\\/p>\",\"helperImage\":[\"25\"]}}},\"18\":[\"27\"]}}', '2017-12-11 23:11:14', '2017-12-11 23:11:14', 'f1c82a17-3dce-403c-a705-7495f079c67e'),
 ('18', '28', '5', '1', 'en_us', '3', '', '{\"typeId\":\"10\",\"authorId\":\"1\",\"title\":\"Watch and Review Video\",\"slug\":\"watch-and-review-video\",\"postDate\":1513033560,\"expiryDate\":null,\"enabled\":1,\"parentId\":null,\"fields\":{\"17\":\"Once your video is uploaded, you can start adding comments and drawings, and save individual clips and playlists to share with the team.\",\"19\":{\"30\":{\"type\":\"instructionBlock\",\"enabled\":\"1\",\"fields\":{\"header\":\"Add a video.\",\"details\":\"<p>Likely the main reason you\\u2019re here.<\\/p>\\r\\n<ol><li>Click&nbsp;<strong>Upload<\\/strong>.<\\/li><li>Drag and drop your video, or select the file from your computer.<\\/li><li>Add details such as Video Type or Schedule Event.<\\/li><\\/ol>\",\"links\":\"<p><a href=\\\"https:\\/\\/www.hudl.com\\/support\\/v3\\/get-video-online\\/upload-video-from-a-computer\\/upload-from-a-computer1\\\" target=\\\"_blank\\\" rel=\\\"noreferrer noopener\\\">Learn more about uploading from a computer.<\\/a><\\/p>\",\"helperImage\":[\"26\"]}},\"29\":{\"type\":\"instructionBlock\",\"enabled\":\"1\",\"fields\":{\"header\":\"Comment on your video.\",\"details\":\"<p>Have a good (or bad) play you want to call out?<\\/p>\\r\\n<ol><li>Click&nbsp;<strong>Video<\\/strong>.<\\/li><li>Play the game you uploaded.<\\/li><li>Click&nbsp;<strong>Add a comment<\\/strong>&nbsp;and type away.<\\/li><li>Save the new clip to a playlist for later review.<\\/li><\\/ol>\",\"links\":\"<p><a href=\\\"https:\\/\\/www.hudl.com\\/support\\/v3\\/watch-and-manage-video\\/watch-and-manage-video\\/create-comments-and-drawings\\\" target=\\\"_blank\\\" rel=\\\"noreferrer noopener\\\">Learn more about adding comments and drawings.<\\/a><\\/p>\\r\\n<p><a href=\\\"https:\\/\\/www.hudl.com\\/support\\/v3\\/review-and-share-video\\/review-video\\/create-playlists-1\\\">Learn how to create a playlist with clips.<\\/a><\\/p>\",\"helperImage\":[\"25\"]}}},\"18\":[\"27\"]}}', '2017-12-11 23:11:38', '2017-12-11 23:11:38', 'd1fb5687-5c1c-4825-91f4-811d355f9d1b'),
 ('19', '28', '5', '1', 'en_us', '4', '', '{\"typeId\":\"10\",\"authorId\":\"1\",\"title\":\"Watch and Review Video\",\"slug\":\"watch-and-review-video\",\"postDate\":1513033560,\"expiryDate\":null,\"enabled\":1,\"parentId\":null,\"fields\":{\"17\":\"Once your video is uploaded, you can start adding comments and drawings, and save individual clips and playlists to share with the team.\",\"19\":{\"30\":{\"type\":\"block\",\"enabled\":\"1\",\"fields\":{\"header\":\"Add a video.\",\"details\":\"<p>Likely the main reason you\\u2019re here.<\\/p>\\r\\n<ol><li>Click&nbsp;<strong>Upload<\\/strong>.<\\/li><li>Drag and drop your video, or select the file from your computer.<\\/li><li>Add details such as Video Type or Schedule Event.<\\/li><\\/ol>\",\"links\":\"<p><a href=\\\"https:\\/\\/www.hudl.com\\/support\\/v3\\/get-video-online\\/upload-video-from-a-computer\\/upload-from-a-computer1\\\" target=\\\"_blank\\\" rel=\\\"noreferrer noopener\\\">Learn more about uploading from a computer.<\\/a><\\/p>\",\"helperImage\":[\"26\"]}},\"29\":{\"type\":\"block\",\"enabled\":\"1\",\"fields\":{\"header\":\"Comment on your video.\",\"details\":\"<p>Have a good (or bad) play you want to call out?<\\/p>\\r\\n<ol><li>Click&nbsp;<strong>Video<\\/strong>.<\\/li><li>Play the game you uploaded.<\\/li><li>Click&nbsp;<strong>Add a comment<\\/strong>&nbsp;and type away.<\\/li><li>Save the new clip to a playlist for later review.<\\/li><\\/ol>\",\"links\":\"<p><a href=\\\"https:\\/\\/www.hudl.com\\/support\\/v3\\/watch-and-manage-video\\/watch-and-manage-video\\/create-comments-and-drawings\\\" target=\\\"_blank\\\" rel=\\\"noreferrer noopener\\\">Learn more about adding comments and drawings.<\\/a>&lt;br&gt;<a href=\\\"https:\\/\\/www.hudl.com\\/support\\/v3\\/review-and-share-video\\/review-video\\/create-playlists-1\\\" style=\\\"background-color: initial;\\\">Learn how to create a playlist with clips.<\\/a><\\/p>\",\"helperImage\":[\"25\"]}}},\"18\":[\"27\"]}}', '2017-12-12 01:36:11', '2017-12-12 01:36:11', 'ae33aa1c-3aaa-4097-b961-46188c3bcfb2'),
 ('20', '28', '5', '1', 'en_us', '5', '', '{\"typeId\":\"10\",\"authorId\":\"1\",\"title\":\"Watch and Review Video\",\"slug\":\"watch-and-review-video\",\"postDate\":1513033560,\"expiryDate\":null,\"enabled\":1,\"parentId\":null,\"fields\":{\"17\":\"Once your video is uploaded, you can start adding comments and drawings, and save individual clips and playlists to share with the team.\",\"19\":{\"30\":{\"type\":\"block\",\"enabled\":\"1\",\"fields\":{\"header\":\"Add a video.\",\"details\":\"<p>Likely the main reason you\\u2019re here.<\\/p>\\r\\n<ol><li>Click&nbsp;<strong>Upload<\\/strong>.<\\/li><li>Drag and drop your video, or select the file from your computer.<\\/li><li>Add details such as Video Type or Schedule Event.<\\/li><\\/ol>\",\"links\":\"<p><a href=\\\"https:\\/\\/www.hudl.com\\/support\\/v3\\/get-video-online\\/upload-video-from-a-computer\\/upload-from-a-computer1\\\" target=\\\"_blank\\\" rel=\\\"noreferrer noopener\\\">Learn more about uploading from a computer.<\\/a><\\/p>\",\"helperImage\":[\"26\"]}},\"29\":{\"type\":\"block\",\"enabled\":\"1\",\"fields\":{\"header\":\"Comment on your video.\",\"details\":\"<p>Have a good (or bad) play you want to call out?<\\/p>\\r\\n<ol><li>Click&nbsp;<strong>Video<\\/strong>.<\\/li><li>Play the game you uploaded.<\\/li><li>Click&nbsp;<strong>Add a comment<\\/strong>&nbsp;and type away.<\\/li><li>Save the new clip to a playlist for later review.<\\/li><\\/ol>\",\"links\":\"<p><a href=\\\"https:\\/\\/www.hudl.com\\/support\\/v3\\/watch-and-manage-video\\/watch-and-manage-video\\/create-comments-and-drawings\\\" target=\\\"_blank\\\" rel=\\\"noreferrer noopener\\\">Learn more about adding comments and drawings.<\\/a><\\/p>\\r\\n<hr>\\r\\n<p><a href=\\\"https:\\/\\/www.hudl.com\\/support\\/v3\\/review-and-share-video\\/review-video\\/create-playlists-1\\\">Learn how to create a playlist with clips.<\\/a><\\/p>\",\"helperImage\":[\"25\"]}}},\"18\":[\"27\"]}}', '2017-12-12 01:38:34', '2017-12-12 01:38:34', '78d0560b-219a-4e86-92e2-5c8d7980bd32');



DROP TABLE IF EXISTS `craft_fieldgroups`;


--
-- Schema for table `craft_fieldgroups`
--
CREATE TABLE `craft_fieldgroups` (
  `id` int(11) NOT NULL AUTO_INCREMENT,
  `name` varchar(255) COLLATE utf8_unicode_ci NOT NULL,
  `dateCreated` datetime NOT NULL,
  `dateUpdated` datetime NOT NULL,
  `uid` char(36) COLLATE utf8_unicode_ci NOT NULL DEFAULT '0',
  PRIMARY KEY (`id`),
  UNIQUE KEY `craft_fieldgroups_name_unq_idx` (`name`)
) ENGINE=InnoDB AUTO_INCREMENT=7 DEFAULT CHARSET=utf8 COLLATE=utf8_unicode_ci;

--
-- Data for table `craft_fieldgroups`
--

INSERT INTO `craft_fieldgroups` (`id`, `name`, `dateCreated`, `dateUpdated`, `uid`) VALUES
 ('6', 'Quick Guide', '2017-12-11 22:16:54', '2017-12-11 22:16:54', 'c3d13558-4aab-49f8-b6a6-b98d969bdb49');



DROP TABLE IF EXISTS `craft_fieldlayoutfields`;


--
-- Schema for table `craft_fieldlayoutfields`
--
CREATE TABLE `craft_fieldlayoutfields` (
  `id` int(11) NOT NULL AUTO_INCREMENT,
  `layoutId` int(11) NOT NULL,
  `tabId` int(11) NOT NULL,
  `fieldId` int(11) NOT NULL,
  `required` tinyint(1) unsigned NOT NULL DEFAULT '0',
  `sortOrder` smallint(6) unsigned DEFAULT NULL,
  `dateCreated` datetime NOT NULL,
  `dateUpdated` datetime NOT NULL,
  `uid` char(36) COLLATE utf8_unicode_ci NOT NULL DEFAULT '0',
  PRIMARY KEY (`id`),
  UNIQUE KEY `craft_fieldlayoutfields_layoutId_fieldId_unq_idx` (`layoutId`,`fieldId`),
  KEY `craft_fieldlayoutfields_sortOrder_idx` (`sortOrder`),
  KEY `craft_fieldlayoutfields_tabId_fk` (`tabId`),
  KEY `craft_fieldlayoutfields_fieldId_fk` (`fieldId`)
) ENGINE=InnoDB AUTO_INCREMENT=50 DEFAULT CHARSET=utf8 COLLATE=utf8_unicode_ci;

--
-- Data for table `craft_fieldlayoutfields`
--

INSERT INTO `craft_fieldlayoutfields` (`id`, `layoutId`, `tabId`, `fieldId`, `required`, `sortOrder`, `dateCreated`, `dateUpdated`, `uid`) VALUES
 ('35', '24', '15', '17', '1', '1', '2017-12-11 22:55:48', '2017-12-11 22:55:48', '142a4278-d2ea-4e69-b260-352a4ede532c'),
 ('36', '24', '15', '18', '1', '2', '2017-12-11 22:55:48', '2017-12-11 22:55:48', '097f3ab2-420c-4033-9c84-ef57756b52a9'),
 ('37', '24', '16', '19', '1', '1', '2017-12-11 22:55:48', '2017-12-11 22:55:48', '6f45e25d-5dde-4830-8e2f-ffa1ac96e778'),
 ('46', '27', '19', '20', '1', '1', '2017-12-12 01:35:21', '2017-12-12 01:35:21', '679b78c6-b157-41eb-82fb-573f23726abd'),
 ('47', '27', '19', '21', '1', '2', '2017-12-12 01:35:21', '2017-12-12 01:35:21', '930979df-a1d6-4fc2-b868-0177dd531ad4'),
 ('48', '27', '19', '22', '0', '3', '2017-12-12 01:35:21', '2017-12-12 01:35:21', '9f2265eb-0beb-40e9-8286-60ae11138eb0'),
 ('49', '27', '19', '23', '1', '4', '2017-12-12 01:35:21', '2017-12-12 01:35:21', '55a68cd9-63a3-410d-8814-557dfc30cff5');



DROP TABLE IF EXISTS `craft_fieldlayouts`;


--
-- Schema for table `craft_fieldlayouts`
--
CREATE TABLE `craft_fieldlayouts` (
  `id` int(11) NOT NULL AUTO_INCREMENT,
  `type` varchar(150) COLLATE utf8_unicode_ci NOT NULL,
  `dateCreated` datetime NOT NULL,
  `dateUpdated` datetime NOT NULL,
  `uid` char(36) COLLATE utf8_unicode_ci NOT NULL DEFAULT '0',
  PRIMARY KEY (`id`),
  KEY `craft_fieldlayouts_type_idx` (`type`)
) ENGINE=InnoDB AUTO_INCREMENT=28 DEFAULT CHARSET=utf8 COLLATE=utf8_unicode_ci;

--
-- Data for table `craft_fieldlayouts`
--

INSERT INTO `craft_fieldlayouts` (`id`, `type`, `dateCreated`, `dateUpdated`, `uid`) VALUES
 ('1', 'Tag', '2017-12-10 19:43:12', '2017-12-10 19:43:12', 'c947757b-1b17-49b8-857f-3b18cc3260dd'),
 ('7', 'Asset', '2017-12-10 20:19:06', '2017-12-10 20:19:06', 'a15d9459-fc32-4bf9-92f9-ba36ded2859c'),
 ('9', 'Asset', '2017-12-10 21:59:19', '2017-12-10 21:59:19', '5a2bfb90-620b-467e-b603-10360e31868a'),
 ('12', 'Asset', '2017-12-11 00:19:28', '2017-12-11 00:19:28', 'a3e12664-97d3-4201-91e9-428757fd856e'),
 ('24', 'Entry', '2017-12-11 22:55:48', '2017-12-11 22:55:48', '9961a942-19db-4309-887f-04f30f5e5e47'),
 ('27', 'MatrixBlock', '2017-12-12 01:35:20', '2017-12-12 01:35:20', 'fd82049a-08af-4a03-862d-aa9328bc4bf6');



DROP TABLE IF EXISTS `craft_fieldlayouttabs`;


--
-- Schema for table `craft_fieldlayouttabs`
--
CREATE TABLE `craft_fieldlayouttabs` (
  `id` int(11) NOT NULL AUTO_INCREMENT,
  `layoutId` int(11) NOT NULL,
  `name` varchar(255) COLLATE utf8_unicode_ci NOT NULL,
  `sortOrder` smallint(6) unsigned DEFAULT NULL,
  `dateCreated` datetime NOT NULL,
  `dateUpdated` datetime NOT NULL,
  `uid` char(36) COLLATE utf8_unicode_ci NOT NULL DEFAULT '0',
  PRIMARY KEY (`id`),
  KEY `craft_fieldlayouttabs_sortOrder_idx` (`sortOrder`),
  KEY `craft_fieldlayouttabs_layoutId_fk` (`layoutId`)
) ENGINE=InnoDB AUTO_INCREMENT=20 DEFAULT CHARSET=utf8 COLLATE=utf8_unicode_ci;

--
-- Data for table `craft_fieldlayouttabs`
--

INSERT INTO `craft_fieldlayouttabs` (`id`, `layoutId`, `name`, `sortOrder`, `dateCreated`, `dateUpdated`, `uid`) VALUES
 ('15', '24', 'Quick Guide', '1', '2017-12-11 22:55:48', '2017-12-11 22:55:48', 'b4c1e22e-3c00-4be5-9618-9f01ec36a283'),
 ('16', '24', 'Instruction Blocks', '2', '2017-12-11 22:55:48', '2017-12-11 22:55:48', 'd3d7c987-abd1-44dd-bd4b-ea4851fbcc76'),
 ('19', '27', 'Content', '1', '2017-12-12 01:35:20', '2017-12-12 01:35:20', '0db03887-1f51-4355-b188-e29027d08936');



DROP TABLE IF EXISTS `craft_fields`;


--
-- Schema for table `craft_fields`
--
CREATE TABLE `craft_fields` (
  `id` int(11) NOT NULL AUTO_INCREMENT,
  `groupId` int(11) DEFAULT NULL,
  `name` varchar(255) COLLATE utf8_unicode_ci NOT NULL,
  `handle` varchar(58) COLLATE utf8_unicode_ci NOT NULL,
  `context` varchar(255) COLLATE utf8_unicode_ci NOT NULL DEFAULT 'global',
  `instructions` text COLLATE utf8_unicode_ci,
  `translatable` tinyint(1) unsigned NOT NULL DEFAULT '0',
  `type` varchar(150) COLLATE utf8_unicode_ci NOT NULL,
  `settings` text COLLATE utf8_unicode_ci,
  `dateCreated` datetime NOT NULL,
  `dateUpdated` datetime NOT NULL,
  `uid` char(36) COLLATE utf8_unicode_ci NOT NULL DEFAULT '0',
  PRIMARY KEY (`id`),
  UNIQUE KEY `craft_fields_handle_context_unq_idx` (`handle`,`context`),
  KEY `craft_fields_context_idx` (`context`),
  KEY `craft_fields_groupId_fk` (`groupId`)
) ENGINE=InnoDB AUTO_INCREMENT=24 DEFAULT CHARSET=utf8 COLLATE=utf8_unicode_ci;

--
-- Data for table `craft_fields`
--

INSERT INTO `craft_fields` (`id`, `groupId`, `name`, `handle`, `context`, `instructions`, `translatable`, `type`, `settings`, `dateCreated`, `dateUpdated`, `uid`) VALUES
 ('17', '6', 'Description', 'description', 'global', 'Write a short excerpt that summarizes this guide.', '0', 'PlainText', '{\"placeholder\":\"New to Hudl and looking for a quick overview of what it\\u2019s all about? Get started in three easy steps.\",\"maxLength\":\"\",\"multiline\":\"\",\"initialRows\":\"4\"}', '2017-12-11 22:20:55', '2017-12-11 22:20:55', '4179ea8c-70b0-49a6-9028-db1528a7bf6b'),
 ('18', '6', 'Preview Image', 'previewImage', 'global', 'Upload a photo that will be used as a preview for this guide on https://www.hudl.com/support/v3/guides/', '0', 'Assets', '{\"useSingleFolder\":\"\",\"sources\":[\"folder:1\"],\"defaultUploadLocationSource\":\"1\",\"defaultUploadLocationSubpath\":\"\",\"singleUploadLocationSource\":\"1\",\"singleUploadLocationSubpath\":\"\",\"restrictFiles\":\"\",\"limit\":\"1\",\"viewMode\":\"large\",\"selectionLabel\":\"\"}', '2017-12-11 22:24:41', '2017-12-11 22:26:50', '9f4cbd24-e758-49c1-b9d1-6a6a3eed32fa'),
 ('19', '6', 'Instruction Block', 'instructionBlock', 'global', '', '0', 'Matrix', '{\"maxBlocks\":null}', '2017-12-11 22:54:55', '2017-12-12 01:35:19', 'a16b6e5f-2f0b-4918-ae69-9f6a2e472d46'),
 ('20', NULL, 'Header', 'header', 'matrixBlockType:2', '', '0', 'PlainText', '{\"placeholder\":\"\",\"maxLength\":\"\",\"multiline\":\"\",\"initialRows\":\"4\"}', '2017-12-11 22:54:56', '2017-12-12 01:35:20', '2d7e7361-cccb-4052-ba8c-269552bc06d7'),
 ('21', NULL, 'Details', 'details', 'matrixBlockType:2', 'Use the rich text input to write paragraphs and ordered lists', '0', 'RichText', '{\"configFile\":\"\",\"availableAssetSources\":\"*\",\"availableTransforms\":\"*\",\"cleanupHtml\":\"1\",\"purifyHtml\":\"1\",\"purifierConfig\":\"\",\"columnType\":\"text\"}', '2017-12-11 22:54:57', '2017-12-12 01:35:20', '3037d3c9-e248-4a2e-9df5-8c5154c93a4e'),
 ('22', NULL, 'Links', 'links', 'matrixBlockType:2', 'Link to more detail support pages. Separate links with a <br>', '0', 'RichText', '{\"configFile\":\"\",\"availableAssetSources\":\"\",\"availableTransforms\":\"\",\"cleanupHtml\":\"1\",\"purifyHtml\":\"1\",\"purifierConfig\":\"\",\"columnType\":\"text\"}', '2017-12-11 22:54:57', '2017-12-12 01:35:20', 'a8304045-467c-4b2c-ae0e-3dbc068a6c6f'),
 ('23', NULL, 'Helper Image', 'helperImage', 'matrixBlockType:2', 'Upload a jpg, gif, or png to accompany the instructions.', '0', 'Assets', '{\"useSingleFolder\":\"\",\"sources\":[\"folder:1\"],\"defaultUploadLocationSource\":\"1\",\"defaultUploadLocationSubpath\":\"\",\"singleUploadLocationSource\":\"1\",\"singleUploadLocationSubpath\":\"\",\"restrictFiles\":\"\",\"limit\":\"1\",\"viewMode\":\"large\",\"selectionLabel\":\"\"}', '2017-12-11 23:08:59', '2017-12-12 01:35:20', '786d11b1-cfb3-4e4f-aae9-6bd77836f7e1');



DROP TABLE IF EXISTS `craft_globalsets`;


--
-- Schema for table `craft_globalsets`
--
CREATE TABLE `craft_globalsets` (
  `id` int(11) NOT NULL,
  `name` varchar(255) COLLATE utf8_unicode_ci NOT NULL,
  `handle` varchar(255) COLLATE utf8_unicode_ci NOT NULL,
  `fieldLayoutId` int(10) DEFAULT NULL,
  `dateCreated` datetime NOT NULL,
  `dateUpdated` datetime NOT NULL,
  `uid` char(36) COLLATE utf8_unicode_ci NOT NULL DEFAULT '0',
  PRIMARY KEY (`id`),
  UNIQUE KEY `craft_globalsets_name_unq_idx` (`name`),
  UNIQUE KEY `craft_globalsets_handle_unq_idx` (`handle`),
  KEY `craft_globalsets_fieldLayoutId_fk` (`fieldLayoutId`)
) ENGINE=InnoDB DEFAULT CHARSET=utf8 COLLATE=utf8_unicode_ci;

DROP TABLE IF EXISTS `craft_info`;


--
-- Schema for table `craft_info`
--
CREATE TABLE `craft_info` (
  `id` int(11) NOT NULL AUTO_INCREMENT,
  `version` varchar(50) COLLATE utf8_unicode_ci NOT NULL,
  `schemaVersion` varchar(15) COLLATE utf8_unicode_ci NOT NULL,
  `edition` tinyint(1) unsigned NOT NULL DEFAULT '0',
  `siteName` varchar(100) COLLATE utf8_unicode_ci NOT NULL,
  `siteUrl` varchar(255) COLLATE utf8_unicode_ci NOT NULL,
  `timezone` varchar(30) COLLATE utf8_unicode_ci DEFAULT NULL,
  `on` tinyint(1) unsigned NOT NULL DEFAULT '0',
  `maintenance` tinyint(1) unsigned NOT NULL DEFAULT '0',
  `dateCreated` datetime NOT NULL,
  `dateUpdated` datetime NOT NULL,
  `uid` char(36) COLLATE utf8_unicode_ci NOT NULL DEFAULT '0',
  PRIMARY KEY (`id`)
) ENGINE=InnoDB AUTO_INCREMENT=2 DEFAULT CHARSET=utf8 COLLATE=utf8_unicode_ci;

--
-- Data for table `craft_info`
--

INSERT INTO `craft_info` (`id`, `version`, `schemaVersion`, `edition`, `siteName`, `siteUrl`, `timezone`, `on`, `maintenance`, `dateCreated`, `dateUpdated`, `uid`) VALUES
 ('1', '2.6.3000', '2.6.13', '0', 'Hudl Project', 'http://localhost:8888', 'UTC', '1', '0', '2017-12-10 19:43:03', '2017-12-10 19:43:03', 'e19c2bbb-d969-4e56-b1fd-4631d042b4ea');



DROP TABLE IF EXISTS `craft_locales`;


--
-- Schema for table `craft_locales`
--
CREATE TABLE `craft_locales` (
  `locale` char(12) COLLATE utf8_unicode_ci NOT NULL,
  `sortOrder` smallint(6) unsigned DEFAULT NULL,
  `dateCreated` datetime NOT NULL,
  `dateUpdated` datetime NOT NULL,
  `uid` char(36) COLLATE utf8_unicode_ci NOT NULL DEFAULT '0',
  PRIMARY KEY (`locale`),
  KEY `craft_locales_sortOrder_idx` (`sortOrder`)
) ENGINE=InnoDB DEFAULT CHARSET=utf8 COLLATE=utf8_unicode_ci;

--
-- Data for table `craft_locales`
--

INSERT INTO `craft_locales` (`locale`, `sortOrder`, `dateCreated`, `dateUpdated`, `uid`) VALUES
 ('en_us', '1', '2017-12-10 19:43:05', '2017-12-10 19:43:05', '16ece93c-fad9-4e0b-8def-d1baf26d7ad9');



DROP TABLE IF EXISTS `craft_matrixblocks`;


--
-- Schema for table `craft_matrixblocks`
--
CREATE TABLE `craft_matrixblocks` (
  `id` int(11) NOT NULL,
  `ownerId` int(11) NOT NULL,
  `fieldId` int(11) NOT NULL,
  `typeId` int(11) DEFAULT NULL,
  `sortOrder` smallint(6) unsigned DEFAULT NULL,
  `ownerLocale` char(12) COLLATE utf8_unicode_ci DEFAULT NULL,
  `dateCreated` datetime NOT NULL,
  `dateUpdated` datetime NOT NULL,
  `uid` char(36) COLLATE utf8_unicode_ci NOT NULL DEFAULT '0',
  PRIMARY KEY (`id`),
  KEY `craft_matrixblocks_ownerId_idx` (`ownerId`),
  KEY `craft_matrixblocks_fieldId_idx` (`fieldId`),
  KEY `craft_matrixblocks_typeId_idx` (`typeId`),
  KEY `craft_matrixblocks_sortOrder_idx` (`sortOrder`),
  KEY `craft_matrixblocks_ownerLocale_fk` (`ownerLocale`)
) ENGINE=InnoDB DEFAULT CHARSET=utf8 COLLATE=utf8_unicode_ci;

--
-- Data for table `craft_matrixblocks`
--

INSERT INTO `craft_matrixblocks` (`id`, `ownerId`, `fieldId`, `typeId`, `sortOrder`, `ownerLocale`, `dateCreated`, `dateUpdated`, `uid`) VALUES
 ('29', '28', '19', '2', '2', NULL, '2017-12-11 23:06:27', '2017-12-12 01:38:34', '6516f876-c83c-48bf-812e-71c5f8fe12e3'),
 ('30', '28', '19', '2', '1', NULL, '2017-12-11 23:11:14', '2017-12-12 01:38:34', '3634dafa-e00a-4a34-b512-c73233014f25');



DROP TABLE IF EXISTS `craft_matrixblocktypes`;


--
-- Schema for table `craft_matrixblocktypes`
--
CREATE TABLE `craft_matrixblocktypes` (
  `id` int(11) NOT NULL AUTO_INCREMENT,
  `fieldId` int(11) NOT NULL,
  `fieldLayoutId` int(11) DEFAULT NULL,
  `name` varchar(255) COLLATE utf8_unicode_ci NOT NULL,
  `handle` varchar(255) COLLATE utf8_unicode_ci NOT NULL,
  `sortOrder` smallint(6) unsigned DEFAULT NULL,
  `dateCreated` datetime NOT NULL,
  `dateUpdated` datetime NOT NULL,
  `uid` char(36) COLLATE utf8_unicode_ci NOT NULL DEFAULT '0',
  PRIMARY KEY (`id`),
  UNIQUE KEY `craft_matrixblocktypes_name_fieldId_unq_idx` (`name`,`fieldId`),
  UNIQUE KEY `craft_matrixblocktypes_handle_fieldId_unq_idx` (`handle`,`fieldId`),
  KEY `craft_matrixblocktypes_fieldId_fk` (`fieldId`),
  KEY `craft_matrixblocktypes_fieldLayoutId_fk` (`fieldLayoutId`)
) ENGINE=InnoDB AUTO_INCREMENT=3 DEFAULT CHARSET=utf8 COLLATE=utf8_unicode_ci;

--
-- Data for table `craft_matrixblocktypes`
--

INSERT INTO `craft_matrixblocktypes` (`id`, `fieldId`, `fieldLayoutId`, `name`, `handle`, `sortOrder`, `dateCreated`, `dateUpdated`, `uid`) VALUES
 ('2', '19', '27', 'Block', 'block', '1', '2017-12-11 22:54:56', '2017-12-12 01:35:21', 'ccf7f371-fae8-42e3-aa6c-07ee0cf43c7e');



DROP TABLE IF EXISTS `craft_matrixcontent_instructionblock`;


--
-- Schema for table `craft_matrixcontent_instructionblock`
--
CREATE TABLE `craft_matrixcontent_instructionblock` (
  `id` int(11) NOT NULL AUTO_INCREMENT,
  `elementId` int(11) NOT NULL,
  `locale` char(12) COLLATE utf8_unicode_ci NOT NULL,
  `field_block_header` text COLLATE utf8_unicode_ci,
  `field_block_details` text COLLATE utf8_unicode_ci,
  `field_block_links` text COLLATE utf8_unicode_ci,
  `dateCreated` datetime NOT NULL,
  `dateUpdated` datetime NOT NULL,
  `uid` char(36) COLLATE utf8_unicode_ci NOT NULL DEFAULT '0',
  PRIMARY KEY (`id`),
  UNIQUE KEY `craft_matrixcontent_instructionblock_elementId_locale_unq_idx` (`elementId`,`locale`),
  KEY `craft_matrixcontent_instructionblock_locale_fk` (`locale`)
) ENGINE=InnoDB AUTO_INCREMENT=3 DEFAULT CHARSET=utf8 COLLATE=utf8_unicode_ci;

--
-- Data for table `craft_matrixcontent_instructionblock`
--

INSERT INTO `craft_matrixcontent_instructionblock` (`id`, `elementId`, `locale`, `field_block_header`, `field_block_details`, `field_block_links`, `dateCreated`, `dateUpdated`, `uid`) VALUES
 ('1', '29', 'en_us', 'Comment on your video.', '<p>Have a good (or bad) play you want to call out?</p>\n<ol><li>Click <strong>Video</strong>.</li><li>Play the game you uploaded.</li><li>Click <strong>Add a comment</strong> and type away.</li><li>Save the new clip to a playlist for later review.</li></ol>', '<p><a href=\"https://www.hudl.com/support/v3/watch-and-manage-video/watch-and-manage-video/create-comments-and-drawings\" target=\"_blank\" rel=\"noreferrer noopener\">Learn more about adding comments and drawings.</a></p>\n<hr /><p><a href=\"https://www.hudl.com/support/v3/review-and-share-video/review-video/create-playlists-1\">Learn how to create a playlist with clips.</a></p>', '2017-12-11 23:06:27', '2017-12-12 01:38:34', 'a71804f8-b179-46dc-8d72-4e57a2d64555'),
 ('2', '30', 'en_us', 'Add a video.', '<p>Likely the main reason you’re here.</p>\n<ol><li>Click <strong>Upload</strong>.</li><li>Drag and drop your video, or select the file from your computer.</li><li>Add details such as Video Type or Schedule Event.</li></ol>', '<p><a href=\"https://www.hudl.com/support/v3/get-video-online/upload-video-from-a-computer/upload-from-a-computer1\" target=\"_blank\" rel=\"noreferrer noopener\">Learn more about uploading from a computer.</a></p>', '2017-12-11 23:11:14', '2017-12-12 01:38:34', 'ae754d29-afcf-4412-ba19-d7a7cacf2473');



DROP TABLE IF EXISTS `craft_migrations`;


--
-- Schema for table `craft_migrations`
--
CREATE TABLE `craft_migrations` (
  `id` int(11) NOT NULL AUTO_INCREMENT,
  `pluginId` int(11) DEFAULT NULL,
  `version` varchar(255) COLLATE utf8_unicode_ci NOT NULL,
  `applyTime` datetime NOT NULL,
  `dateCreated` datetime NOT NULL,
  `dateUpdated` datetime NOT NULL,
  `uid` char(36) COLLATE utf8_unicode_ci NOT NULL DEFAULT '0',
  PRIMARY KEY (`id`),
  UNIQUE KEY `craft_migrations_version_unq_idx` (`version`),
  KEY `craft_migrations_pluginId_fk` (`pluginId`)
) ENGINE=InnoDB AUTO_INCREMENT=43 DEFAULT CHARSET=utf8 COLLATE=utf8_unicode_ci;

--
-- Data for table `craft_migrations`
--

INSERT INTO `craft_migrations` (`id`, `pluginId`, `version`, `applyTime`, `dateCreated`, `dateUpdated`, `uid`) VALUES
 ('1', NULL, 'm000000_000000_base', '2017-12-10 19:43:04', '2017-12-10 19:43:04', '2017-12-10 19:43:04', '7ddc2393-03c2-4792-a454-c8296a78dbb1'),
 ('2', NULL, 'm140730_000001_add_filename_and_format_to_transformindex', '2017-12-10 19:43:04', '2017-12-10 19:43:04', '2017-12-10 19:43:04', '8f2ba6fb-14f8-42d2-abcb-c5278f0a28a4'),
 ('3', NULL, 'm140815_000001_add_format_to_transforms', '2017-12-10 19:43:04', '2017-12-10 19:43:04', '2017-12-10 19:43:04', 'e821fd09-22bf-4e8a-b9ef-531da8e9a154'),
 ('4', NULL, 'm140822_000001_allow_more_than_128_items_per_field', '2017-12-10 19:43:04', '2017-12-10 19:43:04', '2017-12-10 19:43:04', 'ba84f195-1c1e-44cb-9fb7-aaab7335b88e'),
 ('5', NULL, 'm140829_000001_single_title_formats', '2017-12-10 19:43:04', '2017-12-10 19:43:04', '2017-12-10 19:43:04', 'f4f7ed03-c0fb-4b75-8ef8-b3de54b040d2'),
 ('6', NULL, 'm140831_000001_extended_cache_keys', '2017-12-10 19:43:04', '2017-12-10 19:43:04', '2017-12-10 19:43:04', '0ccf1cfe-2caa-4a0b-b94c-e5d41a406c50'),
 ('7', NULL, 'm140922_000001_delete_orphaned_matrix_blocks', '2017-12-10 19:43:04', '2017-12-10 19:43:04', '2017-12-10 19:43:04', '07b59bd6-7c7d-4c80-a9bc-a30181ac89a1'),
 ('8', NULL, 'm141008_000001_elements_index_tune', '2017-12-10 19:43:04', '2017-12-10 19:43:04', '2017-12-10 19:43:04', 'aa634a2a-5a9a-4433-8ce1-ab2e252cda49'),
 ('9', NULL, 'm141009_000001_assets_source_handle', '2017-12-10 19:43:04', '2017-12-10 19:43:04', '2017-12-10 19:43:04', 'c729aa47-6f43-40d9-8b72-d0b16a85c8d7'),
 ('10', NULL, 'm141024_000001_field_layout_tabs', '2017-12-10 19:43:04', '2017-12-10 19:43:04', '2017-12-10 19:43:04', '096bec31-0f49-44ab-8954-fae733fd179b'),
 ('11', NULL, 'm141030_000000_plugin_schema_versions', '2017-12-10 19:43:04', '2017-12-10 19:43:04', '2017-12-10 19:43:04', '4e6e580a-d1fd-4160-9f80-78c9cb950d1b'),
 ('12', NULL, 'm141030_000001_drop_structure_move_permission', '2017-12-10 19:43:04', '2017-12-10 19:43:04', '2017-12-10 19:43:04', '92e0744a-203f-4045-bd0e-aec6b187eef4'),
 ('13', NULL, 'm141103_000001_tag_titles', '2017-12-10 19:43:04', '2017-12-10 19:43:04', '2017-12-10 19:43:04', '91cd7872-aeac-4967-bfbb-aecafdd94c46'),
 ('14', NULL, 'm141109_000001_user_status_shuffle', '2017-12-10 19:43:04', '2017-12-10 19:43:04', '2017-12-10 19:43:04', '95c8cc61-84d5-427e-a27b-bc1c791611b0'),
 ('15', NULL, 'm141126_000001_user_week_start_day', '2017-12-10 19:43:04', '2017-12-10 19:43:04', '2017-12-10 19:43:04', '0f170048-e59e-439a-98c2-2d09cab2f217'),
 ('16', NULL, 'm150210_000001_adjust_user_photo_size', '2017-12-10 19:43:04', '2017-12-10 19:43:04', '2017-12-10 19:43:04', '6f8ee2eb-7b92-46c6-8f28-436d17908e8a'),
 ('17', NULL, 'm150724_000001_adjust_quality_settings', '2017-12-10 19:43:04', '2017-12-10 19:43:04', '2017-12-10 19:43:04', 'a6ca7675-1cf0-44cb-98b8-818f5a1c9eed'),
 ('18', NULL, 'm150827_000000_element_index_settings', '2017-12-10 19:43:04', '2017-12-10 19:43:04', '2017-12-10 19:43:04', '65a907f3-2095-44d0-916d-917480be6d19'),
 ('19', NULL, 'm150918_000001_add_colspan_to_widgets', '2017-12-10 19:43:04', '2017-12-10 19:43:04', '2017-12-10 19:43:04', 'f6478c11-2fc5-40bc-bbbe-f5cf0d083dc2'),
 ('20', NULL, 'm151007_000000_clear_asset_caches', '2017-12-10 19:43:04', '2017-12-10 19:43:04', '2017-12-10 19:43:04', 'ebfb3447-39b4-494d-90a9-88d09b6d0958'),
 ('21', NULL, 'm151109_000000_text_url_formats', '2017-12-10 19:43:04', '2017-12-10 19:43:04', '2017-12-10 19:43:04', 'aa611d9e-ba80-45b0-87bb-80d861ad25b9'),
 ('22', NULL, 'm151110_000000_move_logo', '2017-12-10 19:43:04', '2017-12-10 19:43:04', '2017-12-10 19:43:04', '3a8c6d11-099a-4736-be32-eb69f193977b'),
 ('23', NULL, 'm151117_000000_adjust_image_widthheight', '2017-12-10 19:43:04', '2017-12-10 19:43:04', '2017-12-10 19:43:04', '61b63271-1745-4de1-b95f-de020ea63257'),
 ('24', NULL, 'm151127_000000_clear_license_key_status', '2017-12-10 19:43:04', '2017-12-10 19:43:04', '2017-12-10 19:43:04', '89da4c9f-02a5-4a9e-bd66-4bdfaa0f936e'),
 ('25', NULL, 'm151127_000000_plugin_license_keys', '2017-12-10 19:43:04', '2017-12-10 19:43:04', '2017-12-10 19:43:04', 'd5586c96-066d-4d09-a6ec-31ccda266ce6'),
 ('26', NULL, 'm151130_000000_update_pt_widget_feeds', '2017-12-10 19:43:04', '2017-12-10 19:43:04', '2017-12-10 19:43:04', 'da1d7358-25c9-4e88-b169-03726137d3db'),
 ('27', NULL, 'm160114_000000_asset_sources_public_url_default_true', '2017-12-10 19:43:04', '2017-12-10 19:43:04', '2017-12-10 19:43:04', '38f3ac02-d3ae-4749-b204-86dd1731439b'),
 ('28', NULL, 'm160223_000000_sortorder_to_smallint', '2017-12-10 19:43:04', '2017-12-10 19:43:04', '2017-12-10 19:43:04', '2028fd06-9bce-4188-a181-3cc195c7fc88'),
 ('29', NULL, 'm160229_000000_set_default_entry_statuses', '2017-12-10 19:43:04', '2017-12-10 19:43:04', '2017-12-10 19:43:04', '90ec94ea-adc8-49b9-87b5-b4d38d8d005c'),
 ('30', NULL, 'm160304_000000_client_permissions', '2017-12-10 19:43:04', '2017-12-10 19:43:04', '2017-12-10 19:43:04', '71faa41b-34f6-46c2-88a8-c8195ec70865'),
 ('31', NULL, 'm160322_000000_asset_filesize', '2017-12-10 19:43:04', '2017-12-10 19:43:04', '2017-12-10 19:43:04', 'da391a1a-0242-478c-af36-60f4ec16e949'),
 ('32', NULL, 'm160503_000000_orphaned_fieldlayouts', '2017-12-10 19:43:04', '2017-12-10 19:43:04', '2017-12-10 19:43:04', '2fc8e144-f105-43c0-acdb-bdbd3e807d9b'),
 ('33', NULL, 'm160510_000000_tasksettings', '2017-12-10 19:43:04', '2017-12-10 19:43:04', '2017-12-10 19:43:04', '044f88a2-2ff5-4af6-be89-dde314ad56fb'),
 ('34', NULL, 'm160829_000000_pending_user_content_cleanup', '2017-12-10 19:43:04', '2017-12-10 19:43:04', '2017-12-10 19:43:04', 'a53dee4c-1cd8-4bc1-b2f3-ef5661e0d885'),
 ('35', NULL, 'm160830_000000_asset_index_uri_increase', '2017-12-10 19:43:04', '2017-12-10 19:43:04', '2017-12-10 19:43:04', '00a2c744-9fce-4ca1-9bd9-66e6ca5c6661'),
 ('36', NULL, 'm160919_000000_usergroup_handle_title_unique', '2017-12-10 19:43:04', '2017-12-10 19:43:04', '2017-12-10 19:43:04', '5cb93307-3fd3-4ab8-832e-97077127152e'),
 ('37', NULL, 'm161108_000000_new_version_format', '2017-12-10 19:43:04', '2017-12-10 19:43:04', '2017-12-10 19:43:04', '7f7c72fa-9a3e-4656-9c9f-b295450a9474'),
 ('38', NULL, 'm161109_000000_index_shuffle', '2017-12-10 19:43:04', '2017-12-10 19:43:04', '2017-12-10 19:43:04', '17f8a4ca-89bc-4275-8ea3-94696d3de6dc'),
 ('39', NULL, 'm170612_000000_route_index_shuffle', '2017-12-10 19:43:04', '2017-12-10 19:43:04', '2017-12-10 19:43:04', '269c0a21-7a4b-4e04-8434-078f451ee9b9'),
 ('40', NULL, 'm171107_000000_assign_group_permissions', '2017-12-10 19:43:04', '2017-12-10 19:43:04', '2017-12-10 19:43:04', '1c0314c1-5bf7-4b76-8270-4e2b42fe0a79'),
 ('41', NULL, 'm171117_000001_templatecache_index_tune', '2017-12-10 19:43:04', '2017-12-10 19:43:04', '2017-12-10 19:43:04', 'ce44b5e1-7eb4-4684-9e05-43c56de10f7a'),
 ('42', NULL, 'm171204_000001_templatecache_index_tune_deux', '2017-12-10 19:43:04', '2017-12-10 19:43:04', '2017-12-10 19:43:04', '760b2740-b5ea-45d2-817d-1e046b5765a8');



DROP TABLE IF EXISTS `craft_plugins`;


--
-- Schema for table `craft_plugins`
--
CREATE TABLE `craft_plugins` (
  `id` int(11) NOT NULL AUTO_INCREMENT,
  `class` varchar(150) COLLATE utf8_unicode_ci NOT NULL,
  `version` varchar(15) COLLATE utf8_unicode_ci NOT NULL,
  `schemaVersion` varchar(15) COLLATE utf8_unicode_ci DEFAULT NULL,
  `licenseKey` char(24) COLLATE utf8_unicode_ci DEFAULT NULL,
  `licenseKeyStatus` enum('valid','invalid','mismatched','unknown') COLLATE utf8_unicode_ci NOT NULL DEFAULT 'unknown',
  `enabled` tinyint(1) unsigned NOT NULL DEFAULT '0',
  `settings` text COLLATE utf8_unicode_ci,
  `installDate` datetime NOT NULL,
  `dateCreated` datetime NOT NULL,
  `dateUpdated` datetime NOT NULL,
  `uid` char(36) COLLATE utf8_unicode_ci NOT NULL DEFAULT '0',
  PRIMARY KEY (`id`)
) ENGINE=InnoDB DEFAULT CHARSET=utf8 COLLATE=utf8_unicode_ci;

DROP TABLE IF EXISTS `craft_rackspaceaccess`;


--
-- Schema for table `craft_rackspaceaccess`
--
CREATE TABLE `craft_rackspaceaccess` (
  `id` int(11) NOT NULL AUTO_INCREMENT,
  `connectionKey` varchar(255) COLLATE utf8_unicode_ci NOT NULL,
  `token` varchar(255) COLLATE utf8_unicode_ci NOT NULL,
  `storageUrl` varchar(255) COLLATE utf8_unicode_ci NOT NULL,
  `cdnUrl` varchar(255) COLLATE utf8_unicode_ci NOT NULL,
  `dateCreated` datetime NOT NULL,
  `dateUpdated` datetime NOT NULL,
  `uid` char(36) COLLATE utf8_unicode_ci NOT NULL DEFAULT '0',
  PRIMARY KEY (`id`),
  UNIQUE KEY `craft_rackspaceaccess_connectionKey_unq_idx` (`connectionKey`)
) ENGINE=InnoDB DEFAULT CHARSET=utf8 COLLATE=utf8_unicode_ci;

DROP TABLE IF EXISTS `craft_relations`;


--
-- Schema for table `craft_relations`
--
CREATE TABLE `craft_relations` (
  `id` int(11) NOT NULL AUTO_INCREMENT,
  `fieldId` int(11) NOT NULL,
  `sourceId` int(11) NOT NULL,
  `sourceLocale` char(12) COLLATE utf8_unicode_ci DEFAULT NULL,
  `targetId` int(11) NOT NULL,
  `sortOrder` smallint(6) DEFAULT NULL,
  `dateCreated` datetime NOT NULL,
  `dateUpdated` datetime NOT NULL,
  `uid` char(36) COLLATE utf8_unicode_ci NOT NULL DEFAULT '0',
  PRIMARY KEY (`id`),
  UNIQUE KEY `craft_relations_fieldId_sourceId_sourceLocale_targetId_unq_idx` (`fieldId`,`sourceId`,`sourceLocale`,`targetId`),
  KEY `craft_relations_sourceId_fk` (`sourceId`),
  KEY `craft_relations_sourceLocale_fk` (`sourceLocale`),
  KEY `craft_relations_targetId_fk` (`targetId`)
) ENGINE=InnoDB AUTO_INCREMENT=19 DEFAULT CHARSET=utf8 COLLATE=utf8_unicode_ci;

--
-- Data for table `craft_relations`
--

INSERT INTO `craft_relations` (`id`, `fieldId`, `sourceId`, `sourceLocale`, `targetId`, `sortOrder`, `dateCreated`, `dateUpdated`, `uid`) VALUES
 ('16', '18', '28', NULL, '27', '1', '2017-12-12 01:38:34', '2017-12-12 01:38:34', 'a103521d-7821-4054-9cda-38e48aced6bf'),
 ('17', '23', '30', NULL, '26', '1', '2017-12-12 01:38:34', '2017-12-12 01:38:34', '0aca2d0f-f0c0-459a-8d38-5cb506161c6f'),
 ('18', '23', '29', NULL, '25', '1', '2017-12-12 01:38:34', '2017-12-12 01:38:34', '40f980ad-d6ad-4925-b3ba-e59995379933');



DROP TABLE IF EXISTS `craft_routes`;


--
-- Schema for table `craft_routes`
--
CREATE TABLE `craft_routes` (
  `id` int(11) NOT NULL AUTO_INCREMENT,
  `locale` char(12) COLLATE utf8_unicode_ci DEFAULT NULL,
  `urlParts` varchar(255) COLLATE utf8_unicode_ci NOT NULL,
  `urlPattern` varchar(255) COLLATE utf8_unicode_ci NOT NULL,
  `template` varchar(255) COLLATE utf8_unicode_ci NOT NULL,
  `sortOrder` smallint(6) unsigned DEFAULT NULL,
  `dateCreated` datetime NOT NULL,
  `dateUpdated` datetime NOT NULL,
  `uid` char(36) COLLATE utf8_unicode_ci NOT NULL DEFAULT '0',
  PRIMARY KEY (`id`),
  KEY `craft_routes_locale_idx` (`locale`),
  KEY `craft_routes_urlPattern_idx` (`urlPattern`)
) ENGINE=InnoDB DEFAULT CHARSET=utf8 COLLATE=utf8_unicode_ci;

DROP TABLE IF EXISTS `craft_searchindex`;


--
-- Schema for table `craft_searchindex`
--
CREATE TABLE `craft_searchindex` (
  `elementId` int(11) NOT NULL,
  `attribute` varchar(25) COLLATE utf8_unicode_ci NOT NULL,
  `fieldId` int(11) NOT NULL,
  `locale` char(12) COLLATE utf8_unicode_ci NOT NULL,
  `keywords` text COLLATE utf8_unicode_ci NOT NULL,
  PRIMARY KEY (`elementId`,`attribute`,`fieldId`,`locale`),
  FULLTEXT KEY `craft_searchindex_keywords_idx` (`keywords`)
) ENGINE=MyISAM DEFAULT CHARSET=utf8 COLLATE=utf8_unicode_ci;

--
-- Data for table `craft_searchindex`
--

INSERT INTO `craft_searchindex` (`elementId`, `attribute`, `fieldId`, `locale`, `keywords`) VALUES
 ('1', 'username', '0', 'en_us', ' admin '),
 ('1', 'firstname', '0', 'en_us', ''),
 ('1', 'lastname', '0', 'en_us', ''),
 ('1', 'fullname', '0', 'en_us', ''),
 ('1', 'email', '0', 'en_us', ' dkuz001 gmail com '),
 ('1', 'slug', '0', 'en_us', ''),
 ('28', 'field', '17', 'en_us', ' once your video is uploaded you can start adding comments and drawings and save individual clips and playlists to share with the team '),
 ('25', 'filename', '0', 'en_us', ' instructionblockphoto1 jpg '),
 ('25', 'extension', '0', 'en_us', ' jpg '),
 ('25', 'kind', '0', 'en_us', ' image '),
 ('25', 'slug', '0', 'en_us', ' instruction block photo1 '),
 ('25', 'title', '0', 'en_us', ' instruction block photo1 '),
 ('27', 'title', '0', 'en_us', ' quick guide preview '),
 ('27', 'slug', '0', 'en_us', ' quick guide preview '),
 ('27', 'kind', '0', 'en_us', ' image '),
 ('27', 'filename', '0', 'en_us', ' quickguidepreview png '),
 ('27', 'extension', '0', 'en_us', ' png '),
 ('28', 'field', '18', 'en_us', ' quick guide preview '),
 ('28', 'field', '19', 'en_us', ' likely the main reason you re here click upload drag and drop your video or select the file from your computer add details such as video type or schedule event add a video instruction block photo2 learn more about uploading from a computer have a good or bad play you want to call out click video play the game you uploaded click add a comment and type away save the new clip to a playlist for later review comment on your video instruction block photo1 learn more about adding comments and drawings learn how to create a playlist with clips '),
 ('26', 'extension', '0', 'en_us', ' gif '),
 ('26', 'kind', '0', 'en_us', ' image '),
 ('26', 'slug', '0', 'en_us', ' instruction block photo2 '),
 ('26', 'filename', '0', 'en_us', ' instructionblockphoto2 gif '),
 ('5', 'filename', '0', 'en_us', ' screen shot 2017 12 05 at 7 07 13 pm png '),
 ('5', 'extension', '0', 'en_us', ' png '),
 ('5', 'kind', '0', 'en_us', ' image '),
 ('5', 'slug', '0', 'en_us', ' screen shot 2017 12 05 at 7 07 13 pm '),
 ('5', 'title', '0', 'en_us', ' screen shot 2017 12 05 at 7 07 13 pm '),
 ('28', 'slug', '0', 'en_us', ' watch and review video '),
 ('28', 'title', '0', 'en_us', ' watch and review video '),
 ('29', 'field', '20', 'en_us', ' comment on your video '),
 ('29', 'field', '21', 'en_us', ' have a good or bad play you want to call out click video play the game you uploaded click add a comment and type away save the new clip to a playlist for later review '),
 ('29', 'field', '22', 'en_us', ' learn more about adding comments and drawings learn how to create a playlist with clips '),
 ('29', 'slug', '0', 'en_us', ''),
 ('30', 'field', '20', 'en_us', ' add a video '),
 ('30', 'field', '21', 'en_us', ' likely the main reason you re here click upload drag and drop your video or select the file from your computer add details such as video type or schedule event '),
 ('30', 'field', '22', 'en_us', ' learn more about uploading from a computer '),
 ('29', 'field', '23', 'en_us', ' instruction block photo1 '),
 ('30', 'slug', '0', 'en_us', ''),
 ('30', 'field', '23', 'en_us', ' instruction block photo2 '),
 ('26', 'title', '0', 'en_us', ' instruction block photo2 ');



DROP TABLE IF EXISTS `craft_sections`;


--
-- Schema for table `craft_sections`
--
CREATE TABLE `craft_sections` (
  `id` int(11) NOT NULL AUTO_INCREMENT,
  `structureId` int(11) DEFAULT NULL,
  `name` varchar(255) COLLATE utf8_unicode_ci NOT NULL,
  `handle` varchar(255) COLLATE utf8_unicode_ci NOT NULL,
  `type` enum('single','channel','structure') COLLATE utf8_unicode_ci NOT NULL DEFAULT 'channel',
  `hasUrls` tinyint(1) unsigned NOT NULL DEFAULT '1',
  `template` varchar(500) COLLATE utf8_unicode_ci DEFAULT NULL,
  `enableVersioning` tinyint(1) unsigned NOT NULL DEFAULT '0',
  `dateCreated` datetime NOT NULL,
  `dateUpdated` datetime NOT NULL,
  `uid` char(36) COLLATE utf8_unicode_ci NOT NULL DEFAULT '0',
  PRIMARY KEY (`id`),
  UNIQUE KEY `craft_sections_name_unq_idx` (`name`),
  UNIQUE KEY `craft_sections_handle_unq_idx` (`handle`),
  KEY `craft_sections_structureId_fk` (`structureId`)
) ENGINE=InnoDB AUTO_INCREMENT=6 DEFAULT CHARSET=utf8 COLLATE=utf8_unicode_ci;

--
-- Data for table `craft_sections`
--

INSERT INTO `craft_sections` (`id`, `structureId`, `name`, `handle`, `type`, `hasUrls`, `template`, `enableVersioning`, `dateCreated`, `dateUpdated`, `uid`) VALUES
 ('5', NULL, 'Guides', 'guides', 'channel', '1', 'guides/_entry', '1', '2017-12-11 22:09:32', '2017-12-11 22:09:32', '55172717-6e3f-44ac-8ac8-14f7c17bff1c');



DROP TABLE IF EXISTS `craft_sections_i18n`;


--
-- Schema for table `craft_sections_i18n`
--
CREATE TABLE `craft_sections_i18n` (
  `id` int(11) NOT NULL AUTO_INCREMENT,
  `sectionId` int(11) NOT NULL,
  `locale` char(12) COLLATE utf8_unicode_ci NOT NULL,
  `enabledByDefault` tinyint(1) unsigned NOT NULL DEFAULT '1',
  `urlFormat` text COLLATE utf8_unicode_ci,
  `nestedUrlFormat` text COLLATE utf8_unicode_ci,
  `dateCreated` datetime NOT NULL,
  `dateUpdated` datetime NOT NULL,
  `uid` char(36) COLLATE utf8_unicode_ci NOT NULL DEFAULT '0',
  PRIMARY KEY (`id`),
  UNIQUE KEY `craft_sections_i18n_sectionId_locale_unq_idx` (`sectionId`,`locale`),
  KEY `craft_sections_i18n_locale_fk` (`locale`)
) ENGINE=InnoDB AUTO_INCREMENT=6 DEFAULT CHARSET=utf8 COLLATE=utf8_unicode_ci;

--
-- Data for table `craft_sections_i18n`
--

INSERT INTO `craft_sections_i18n` (`id`, `sectionId`, `locale`, `enabledByDefault`, `urlFormat`, `nestedUrlFormat`, `dateCreated`, `dateUpdated`, `uid`) VALUES
 ('5', '5', 'en_us', '1', 'guides/{slug}', NULL, '2017-12-11 22:09:33', '2017-12-11 22:09:33', 'c8c3937d-9688-4874-9d67-acbacf7c4ab4');



DROP TABLE IF EXISTS `craft_sessions`;


--
-- Schema for table `craft_sessions`
--
CREATE TABLE `craft_sessions` (
  `id` int(11) NOT NULL AUTO_INCREMENT,
  `userId` int(11) NOT NULL,
  `token` char(100) COLLATE utf8_unicode_ci NOT NULL,
  `dateCreated` datetime NOT NULL,
  `dateUpdated` datetime NOT NULL,
  `uid` char(36) COLLATE utf8_unicode_ci NOT NULL DEFAULT '0',
  PRIMARY KEY (`id`),
  KEY `craft_sessions_uid_idx` (`uid`),
  KEY `craft_sessions_token_idx` (`token`),
  KEY `craft_sessions_dateUpdated_idx` (`dateUpdated`),
  KEY `craft_sessions_userId_fk` (`userId`)
) ENGINE=InnoDB AUTO_INCREMENT=6 DEFAULT CHARSET=utf8 COLLATE=utf8_unicode_ci;

DROP TABLE IF EXISTS `craft_shunnedmessages`;


--
-- Schema for table `craft_shunnedmessages`
--
CREATE TABLE `craft_shunnedmessages` (
  `id` int(11) NOT NULL AUTO_INCREMENT,
  `userId` int(11) NOT NULL,
  `message` varchar(255) COLLATE utf8_unicode_ci NOT NULL,
  `expiryDate` datetime DEFAULT NULL,
  `dateCreated` datetime NOT NULL,
  `dateUpdated` datetime NOT NULL,
  `uid` char(36) COLLATE utf8_unicode_ci NOT NULL DEFAULT '0',
  PRIMARY KEY (`id`),
  UNIQUE KEY `craft_shunnedmessages_userId_message_unq_idx` (`userId`,`message`)
) ENGINE=InnoDB DEFAULT CHARSET=utf8 COLLATE=utf8_unicode_ci;

DROP TABLE IF EXISTS `craft_structureelements`;


--
-- Schema for table `craft_structureelements`
--
CREATE TABLE `craft_structureelements` (
  `id` int(11) NOT NULL AUTO_INCREMENT,
  `structureId` int(11) NOT NULL,
  `elementId` int(11) DEFAULT NULL,
  `root` int(11) unsigned DEFAULT NULL,
  `lft` int(11) unsigned NOT NULL,
  `rgt` int(11) unsigned NOT NULL,
  `level` smallint(6) unsigned NOT NULL,
  `dateCreated` datetime NOT NULL,
  `dateUpdated` datetime NOT NULL,
  `uid` char(36) COLLATE utf8_unicode_ci NOT NULL DEFAULT '0',
  PRIMARY KEY (`id`),
  UNIQUE KEY `craft_structureelements_structureId_elementId_unq_idx` (`structureId`,`elementId`),
  KEY `craft_structureelements_root_idx` (`root`),
  KEY `craft_structureelements_lft_idx` (`lft`),
  KEY `craft_structureelements_rgt_idx` (`rgt`),
  KEY `craft_structureelements_level_idx` (`level`),
  KEY `craft_structureelements_elementId_fk` (`elementId`)
) ENGINE=InnoDB AUTO_INCREMENT=11 DEFAULT CHARSET=utf8 COLLATE=utf8_unicode_ci;

DROP TABLE IF EXISTS `craft_structures`;


--
-- Schema for table `craft_structures`
--
CREATE TABLE `craft_structures` (
  `id` int(11) NOT NULL AUTO_INCREMENT,
  `maxLevels` smallint(6) unsigned DEFAULT NULL,
  `dateCreated` datetime NOT NULL,
  `dateUpdated` datetime NOT NULL,
  `uid` char(36) COLLATE utf8_unicode_ci NOT NULL DEFAULT '0',
  PRIMARY KEY (`id`)
) ENGINE=InnoDB AUTO_INCREMENT=2 DEFAULT CHARSET=utf8 COLLATE=utf8_unicode_ci;

DROP TABLE IF EXISTS `craft_systemsettings`;


--
-- Schema for table `craft_systemsettings`
--
CREATE TABLE `craft_systemsettings` (
  `id` int(11) NOT NULL AUTO_INCREMENT,
  `category` varchar(15) COLLATE utf8_unicode_ci NOT NULL,
  `settings` text COLLATE utf8_unicode_ci,
  `dateCreated` datetime NOT NULL,
  `dateUpdated` datetime NOT NULL,
  `uid` char(36) COLLATE utf8_unicode_ci NOT NULL DEFAULT '0',
  PRIMARY KEY (`id`),
  UNIQUE KEY `craft_systemsettings_category_unq_idx` (`category`)
) ENGINE=InnoDB AUTO_INCREMENT=2 DEFAULT CHARSET=utf8 COLLATE=utf8_unicode_ci;

--
-- Data for table `craft_systemsettings`
--

INSERT INTO `craft_systemsettings` (`id`, `category`, `settings`, `dateCreated`, `dateUpdated`, `uid`) VALUES
 ('1', 'email', '{\"protocol\":\"php\",\"emailAddress\":\"dkuz001@gmail.com\",\"senderName\":\"Hudl Project\"}', '2017-12-10 19:43:12', '2017-12-10 19:43:12', 'd79b81c8-c810-4856-a6e2-60124a36ebd1');



DROP TABLE IF EXISTS `craft_taggroups`;


--
-- Schema for table `craft_taggroups`
--
CREATE TABLE `craft_taggroups` (
  `id` int(11) NOT NULL AUTO_INCREMENT,
  `name` varchar(255) COLLATE utf8_unicode_ci NOT NULL,
  `handle` varchar(255) COLLATE utf8_unicode_ci NOT NULL,
  `fieldLayoutId` int(10) DEFAULT NULL,
  `dateCreated` datetime NOT NULL,
  `dateUpdated` datetime NOT NULL,
  `uid` char(36) COLLATE utf8_unicode_ci NOT NULL DEFAULT '0',
  PRIMARY KEY (`id`),
  UNIQUE KEY `craft_taggroups_name_unq_idx` (`name`),
  UNIQUE KEY `craft_taggroups_handle_unq_idx` (`handle`),
  KEY `craft_taggroups_fieldLayoutId_fk` (`fieldLayoutId`)
) ENGINE=InnoDB AUTO_INCREMENT=2 DEFAULT CHARSET=utf8 COLLATE=utf8_unicode_ci;

--
-- Data for table `craft_taggroups`
--

INSERT INTO `craft_taggroups` (`id`, `name`, `handle`, `fieldLayoutId`, `dateCreated`, `dateUpdated`, `uid`) VALUES
 ('1', 'Default', 'default', '1', '2017-12-10 19:43:12', '2017-12-10 19:43:12', '36ab1c19-7f18-4195-bf24-ed7c3acb0301');



DROP TABLE IF EXISTS `craft_tags`;


--
-- Schema for table `craft_tags`
--
CREATE TABLE `craft_tags` (
  `id` int(11) NOT NULL,
  `groupId` int(11) NOT NULL,
  `dateCreated` datetime NOT NULL,
  `dateUpdated` datetime NOT NULL,
  `uid` char(36) COLLATE utf8_unicode_ci NOT NULL DEFAULT '0',
  PRIMARY KEY (`id`),
  KEY `craft_tags_groupId_fk` (`groupId`)
) ENGINE=InnoDB DEFAULT CHARSET=utf8 COLLATE=utf8_unicode_ci;

DROP TABLE IF EXISTS `craft_tasks`;


--
-- Schema for table `craft_tasks`
--
CREATE TABLE `craft_tasks` (
  `id` int(11) NOT NULL AUTO_INCREMENT,
  `root` int(11) unsigned DEFAULT NULL,
  `lft` int(11) unsigned NOT NULL,
  `rgt` int(11) unsigned NOT NULL,
  `level` smallint(6) unsigned NOT NULL,
  `currentStep` int(11) unsigned DEFAULT NULL,
  `totalSteps` int(11) unsigned DEFAULT NULL,
  `status` enum('pending','error','running') COLLATE utf8_unicode_ci DEFAULT NULL,
  `type` varchar(150) COLLATE utf8_unicode_ci NOT NULL,
  `description` varchar(255) COLLATE utf8_unicode_ci DEFAULT NULL,
  `settings` mediumtext COLLATE utf8_unicode_ci,
  `dateCreated` datetime NOT NULL,
  `dateUpdated` datetime NOT NULL,
  `uid` char(36) COLLATE utf8_unicode_ci NOT NULL DEFAULT '0',
  PRIMARY KEY (`id`),
  KEY `craft_tasks_root_idx` (`root`),
  KEY `craft_tasks_lft_idx` (`lft`),
  KEY `craft_tasks_rgt_idx` (`rgt`),
  KEY `craft_tasks_level_idx` (`level`)
) ENGINE=InnoDB AUTO_INCREMENT=37 DEFAULT CHARSET=utf8 COLLATE=utf8_unicode_ci;

DROP TABLE IF EXISTS `craft_templatecachecriteria`;


--
-- Schema for table `craft_templatecachecriteria`
--
CREATE TABLE `craft_templatecachecriteria` (
  `id` int(11) NOT NULL AUTO_INCREMENT,
  `cacheId` int(11) NOT NULL,
  `type` varchar(150) COLLATE utf8_unicode_ci NOT NULL,
  `criteria` text COLLATE utf8_unicode_ci NOT NULL,
  PRIMARY KEY (`id`),
  KEY `craft_templatecachecriteria_cacheId_fk` (`cacheId`),
  KEY `craft_templatecachecriteria_type_idx` (`type`)
) ENGINE=InnoDB DEFAULT CHARSET=utf8 COLLATE=utf8_unicode_ci;

DROP TABLE IF EXISTS `craft_templatecacheelements`;


--
-- Schema for table `craft_templatecacheelements`
--
CREATE TABLE `craft_templatecacheelements` (
  `cacheId` int(11) NOT NULL,
  `elementId` int(11) NOT NULL,
  KEY `craft_templatecacheelements_cacheId_fk` (`cacheId`),
  KEY `craft_templatecacheelements_elementId_fk` (`elementId`)
) ENGINE=InnoDB DEFAULT CHARSET=utf8 COLLATE=utf8_unicode_ci;

DROP TABLE IF EXISTS `craft_templatecaches`;


--
-- Schema for table `craft_templatecaches`
--
CREATE TABLE `craft_templatecaches` (
  `id` int(11) NOT NULL AUTO_INCREMENT,
  `cacheKey` varchar(255) COLLATE utf8_unicode_ci NOT NULL,
  `locale` char(12) COLLATE utf8_unicode_ci NOT NULL,
  `path` varchar(255) COLLATE utf8_unicode_ci DEFAULT NULL,
  `expiryDate` datetime NOT NULL,
  `body` mediumtext COLLATE utf8_unicode_ci NOT NULL,
  PRIMARY KEY (`id`),
  KEY `craft_templatecaches_cacheKey_locale_expiryDate_path_idx` (`cacheKey`,`locale`,`expiryDate`,`path`),
  KEY `craft_templatecaches_cacheKey_locale_expiryDate_idx` (`cacheKey`,`locale`,`expiryDate`),
  KEY `craft_templatecaches_locale_fk` (`locale`)
) ENGINE=InnoDB DEFAULT CHARSET=utf8 COLLATE=utf8_unicode_ci;

DROP TABLE IF EXISTS `craft_tokens`;


--
-- Schema for table `craft_tokens`
--
CREATE TABLE `craft_tokens` (
  `id` int(11) NOT NULL AUTO_INCREMENT,
  `token` char(32) COLLATE utf8_unicode_ci NOT NULL,
  `route` text COLLATE utf8_unicode_ci,
  `usageLimit` tinyint(3) unsigned DEFAULT NULL,
  `usageCount` tinyint(3) unsigned DEFAULT NULL,
  `expiryDate` datetime NOT NULL,
  `dateCreated` datetime NOT NULL,
  `dateUpdated` datetime NOT NULL,
  `uid` char(36) COLLATE utf8_unicode_ci NOT NULL DEFAULT '0',
  PRIMARY KEY (`id`),
  UNIQUE KEY `craft_tokens_token_unq_idx` (`token`),
  KEY `craft_tokens_expiryDate_idx` (`expiryDate`)
) ENGINE=InnoDB DEFAULT CHARSET=utf8 COLLATE=utf8_unicode_ci;

DROP TABLE IF EXISTS `craft_usergroups`;


--
-- Schema for table `craft_usergroups`
--
CREATE TABLE `craft_usergroups` (
  `id` int(11) NOT NULL AUTO_INCREMENT,
  `name` varchar(255) COLLATE utf8_unicode_ci NOT NULL,
  `handle` varchar(255) COLLATE utf8_unicode_ci NOT NULL,
  `dateCreated` datetime NOT NULL,
  `dateUpdated` datetime NOT NULL,
  `uid` char(36) COLLATE utf8_unicode_ci NOT NULL DEFAULT '0',
  PRIMARY KEY (`id`),
  UNIQUE KEY `craft_usergroups_name_unq_idx` (`name`),
  UNIQUE KEY `craft_usergroups_handle_unq_idx` (`handle`)
) ENGINE=InnoDB DEFAULT CHARSET=utf8 COLLATE=utf8_unicode_ci;

DROP TABLE IF EXISTS `craft_usergroups_users`;


--
-- Schema for table `craft_usergroups_users`
--
CREATE TABLE `craft_usergroups_users` (
  `id` int(11) NOT NULL AUTO_INCREMENT,
  `groupId` int(11) NOT NULL,
  `userId` int(11) NOT NULL,
  `dateCreated` datetime NOT NULL,
  `dateUpdated` datetime NOT NULL,
  `uid` char(36) COLLATE utf8_unicode_ci NOT NULL DEFAULT '0',
  PRIMARY KEY (`id`),
  UNIQUE KEY `craft_usergroups_users_groupId_userId_unq_idx` (`groupId`,`userId`),
  KEY `craft_usergroups_users_userId_fk` (`userId`)
) ENGINE=InnoDB DEFAULT CHARSET=utf8 COLLATE=utf8_unicode_ci;

DROP TABLE IF EXISTS `craft_userpermissions`;


--
-- Schema for table `craft_userpermissions`
--
CREATE TABLE `craft_userpermissions` (
  `id` int(11) NOT NULL AUTO_INCREMENT,
  `name` varchar(255) COLLATE utf8_unicode_ci NOT NULL,
  `dateCreated` datetime NOT NULL,
  `dateUpdated` datetime NOT NULL,
  `uid` char(36) COLLATE utf8_unicode_ci NOT NULL DEFAULT '0',
  PRIMARY KEY (`id`),
  UNIQUE KEY `craft_userpermissions_name_unq_idx` (`name`)
) ENGINE=InnoDB DEFAULT CHARSET=utf8 COLLATE=utf8_unicode_ci;

DROP TABLE IF EXISTS `craft_userpermissions_usergroups`;


--
-- Schema for table `craft_userpermissions_usergroups`
--
CREATE TABLE `craft_userpermissions_usergroups` (
  `id` int(11) NOT NULL AUTO_INCREMENT,
  `permissionId` int(11) NOT NULL,
  `groupId` int(11) NOT NULL,
  `dateCreated` datetime NOT NULL,
  `dateUpdated` datetime NOT NULL,
  `uid` char(36) COLLATE utf8_unicode_ci NOT NULL DEFAULT '0',
  PRIMARY KEY (`id`),
  UNIQUE KEY `craft_userpermissions_usergroups_permissionId_groupId_unq_idx` (`permissionId`,`groupId`),
  KEY `craft_userpermissions_usergroups_groupId_fk` (`groupId`)
) ENGINE=InnoDB DEFAULT CHARSET=utf8 COLLATE=utf8_unicode_ci;

DROP TABLE IF EXISTS `craft_userpermissions_users`;


--
-- Schema for table `craft_userpermissions_users`
--
CREATE TABLE `craft_userpermissions_users` (
  `id` int(11) NOT NULL AUTO_INCREMENT,
  `permissionId` int(11) NOT NULL,
  `userId` int(11) NOT NULL,
  `dateCreated` datetime NOT NULL,
  `dateUpdated` datetime NOT NULL,
  `uid` char(36) COLLATE utf8_unicode_ci NOT NULL DEFAULT '0',
  PRIMARY KEY (`id`),
  UNIQUE KEY `craft_userpermissions_users_permissionId_userId_unq_idx` (`permissionId`,`userId`),
  KEY `craft_userpermissions_users_userId_fk` (`userId`)
) ENGINE=InnoDB DEFAULT CHARSET=utf8 COLLATE=utf8_unicode_ci;

DROP TABLE IF EXISTS `craft_users`;


--
-- Schema for table `craft_users`
--
CREATE TABLE `craft_users` (
  `id` int(11) NOT NULL,
  `username` varchar(100) COLLATE utf8_unicode_ci NOT NULL,
  `photo` varchar(100) COLLATE utf8_unicode_ci DEFAULT NULL,
  `firstName` varchar(100) COLLATE utf8_unicode_ci DEFAULT NULL,
  `lastName` varchar(100) COLLATE utf8_unicode_ci DEFAULT NULL,
  `email` varchar(255) COLLATE utf8_unicode_ci NOT NULL,
  `password` char(255) COLLATE utf8_unicode_ci DEFAULT NULL,
  `preferredLocale` char(12) COLLATE utf8_unicode_ci DEFAULT NULL,
  `weekStartDay` tinyint(1) unsigned NOT NULL DEFAULT '0',
  `admin` tinyint(1) unsigned NOT NULL DEFAULT '0',
  `client` tinyint(1) unsigned NOT NULL DEFAULT '0',
  `locked` tinyint(1) unsigned NOT NULL DEFAULT '0',
  `suspended` tinyint(1) unsigned NOT NULL DEFAULT '0',
  `pending` tinyint(1) unsigned NOT NULL DEFAULT '0',
  `archived` tinyint(1) unsigned NOT NULL DEFAULT '0',
  `lastLoginDate` datetime DEFAULT NULL,
  `lastLoginAttemptIPAddress` varchar(45) COLLATE utf8_unicode_ci DEFAULT NULL,
  `invalidLoginWindowStart` datetime DEFAULT NULL,
  `invalidLoginCount` tinyint(4) unsigned DEFAULT NULL,
  `lastInvalidLoginDate` datetime DEFAULT NULL,
  `lockoutDate` datetime DEFAULT NULL,
  `verificationCode` char(100) COLLATE utf8_unicode_ci DEFAULT NULL,
  `verificationCodeIssuedDate` datetime DEFAULT NULL,
  `unverifiedEmail` varchar(255) COLLATE utf8_unicode_ci DEFAULT NULL,
  `passwordResetRequired` tinyint(1) unsigned NOT NULL DEFAULT '0',
  `lastPasswordChangeDate` datetime DEFAULT NULL,
  `dateCreated` datetime NOT NULL,
  `dateUpdated` datetime NOT NULL,
  `uid` char(36) COLLATE utf8_unicode_ci NOT NULL DEFAULT '0',
  PRIMARY KEY (`id`),
  UNIQUE KEY `craft_users_username_unq_idx` (`username`),
  UNIQUE KEY `craft_users_email_unq_idx` (`email`),
  KEY `craft_users_verificationCode_idx` (`verificationCode`),
  KEY `craft_users_uid_idx` (`uid`),
  KEY `craft_users_preferredLocale_fk` (`preferredLocale`)
) ENGINE=InnoDB DEFAULT CHARSET=utf8 COLLATE=utf8_unicode_ci;

--
-- Data for table `craft_users`
--

INSERT INTO `craft_users` (`id`, `username`, `photo`, `firstName`, `lastName`, `email`, `password`, `preferredLocale`, `weekStartDay`, `admin`, `client`, `locked`, `suspended`, `pending`, `archived`, `lastLoginDate`, `lastLoginAttemptIPAddress`, `invalidLoginWindowStart`, `invalidLoginCount`, `lastInvalidLoginDate`, `lockoutDate`, `verificationCode`, `verificationCodeIssuedDate`, `unverifiedEmail`, `passwordResetRequired`, `lastPasswordChangeDate`, `dateCreated`, `dateUpdated`, `uid`) VALUES
 ('1', 'admin', NULL, NULL, NULL, 'dkuz001@gmail.com', '$2y$13$TeG1h6BHXx/RqTZ/UtpaCORcJK0wQt9l3KCC0jLnMEK4I5JoJMzTW', NULL, '0', '1', '0', '0', '0', '0', '0', '2017-12-12 18:52:37', '::1', NULL, NULL, NULL, NULL, NULL, NULL, NULL, '0', '2017-12-10 19:43:08', '2017-12-10 19:43:09', '2017-12-12 18:52:37', 'db7527aa-c87b-41fa-b2bf-9a76f59e89b9');



DROP TABLE IF EXISTS `craft_widgets`;


--
-- Schema for table `craft_widgets`
--
CREATE TABLE `craft_widgets` (
  `id` int(11) NOT NULL AUTO_INCREMENT,
  `userId` int(11) NOT NULL,
  `type` varchar(150) COLLATE utf8_unicode_ci NOT NULL,
  `sortOrder` smallint(6) unsigned DEFAULT NULL,
  `colspan` tinyint(4) unsigned DEFAULT NULL,
  `settings` text COLLATE utf8_unicode_ci,
  `enabled` tinyint(1) unsigned NOT NULL DEFAULT '1',
  `dateCreated` datetime NOT NULL,
  `dateUpdated` datetime NOT NULL,
  `uid` char(36) COLLATE utf8_unicode_ci NOT NULL DEFAULT '0',
  PRIMARY KEY (`id`),
  KEY `craft_widgets_userId_fk` (`userId`)
) ENGINE=InnoDB AUTO_INCREMENT=5 DEFAULT CHARSET=utf8 COLLATE=utf8_unicode_ci;

--
-- Data for table `craft_widgets`
--

INSERT INTO `craft_widgets` (`id`, `userId`, `type`, `sortOrder`, `colspan`, `settings`, `enabled`, `dateCreated`, `dateUpdated`, `uid`) VALUES
 ('1', '1', 'RecentEntries', '1', NULL, NULL, '1', '2017-12-10 19:43:23', '2017-12-10 19:43:23', '0b1e8d08-4d9e-4b21-ab04-ac9d12a2f8b2'),
 ('2', '1', 'GetHelp', '2', NULL, NULL, '1', '2017-12-10 19:43:23', '2017-12-10 19:43:23', '838dcd1e-3d53-40a0-afb3-98cff227821a'),
 ('3', '1', 'Updates', '3', NULL, NULL, '1', '2017-12-10 19:43:23', '2017-12-10 19:43:23', '69f3fbc9-ffd0-4869-bee2-2319c3f4ff8b'),
 ('4', '1', 'Feed', '4', NULL, '{\"url\":\"https:\\/\\/craftcms.com\\/news.rss\",\"title\":\"Craft News\"}', '1', '2017-12-10 19:43:23', '2017-12-10 19:43:23', 'ef132b64-960d-4497-aeba-9e41b9f8aba3');


--
-- Constraints for tables
--


--
-- Constraints for table `craft_assetfiles`
--
ALTER TABLE `craft_assetfiles`
	ADD CONSTRAINT `craft_assetfiles_folderId_fk` FOREIGN KEY (`folderId`) REFERENCES `craft_assetfolders` (`id`) ON DELETE CASCADE,
	ADD CONSTRAINT `craft_assetfiles_id_fk` FOREIGN KEY (`id`) REFERENCES `craft_elements` (`id`) ON DELETE CASCADE,
	ADD CONSTRAINT `craft_assetfiles_sourceId_fk` FOREIGN KEY (`sourceId`) REFERENCES `craft_assetsources` (`id`) ON DELETE CASCADE;

--
-- Constraints for table `craft_assetfolders`
--
ALTER TABLE `craft_assetfolders`
	ADD CONSTRAINT `craft_assetfolders_parentId_fk` FOREIGN KEY (`parentId`) REFERENCES `craft_assetfolders` (`id`) ON DELETE CASCADE,
	ADD CONSTRAINT `craft_assetfolders_sourceId_fk` FOREIGN KEY (`sourceId`) REFERENCES `craft_assetsources` (`id`) ON DELETE CASCADE;

--
-- Constraints for table `craft_assetindexdata`
--
ALTER TABLE `craft_assetindexdata`
	ADD CONSTRAINT `craft_assetindexdata_sourceId_fk` FOREIGN KEY (`sourceId`) REFERENCES `craft_assetsources` (`id`) ON DELETE CASCADE;

--
-- Constraints for table `craft_assetsources`
--
ALTER TABLE `craft_assetsources`
	ADD CONSTRAINT `craft_assetsources_fieldLayoutId_fk` FOREIGN KEY (`fieldLayoutId`) REFERENCES `craft_fieldlayouts` (`id`) ON DELETE SET NULL;

--
-- Constraints for table `craft_categories`
--
ALTER TABLE `craft_categories`
	ADD CONSTRAINT `craft_categories_groupId_fk` FOREIGN KEY (`groupId`) REFERENCES `craft_categorygroups` (`id`) ON DELETE CASCADE,
	ADD CONSTRAINT `craft_categories_id_fk` FOREIGN KEY (`id`) REFERENCES `craft_elements` (`id`) ON DELETE CASCADE;

--
-- Constraints for table `craft_categorygroups`
--
ALTER TABLE `craft_categorygroups`
	ADD CONSTRAINT `craft_categorygroups_fieldLayoutId_fk` FOREIGN KEY (`fieldLayoutId`) REFERENCES `craft_fieldlayouts` (`id`) ON DELETE SET NULL,
	ADD CONSTRAINT `craft_categorygroups_structureId_fk` FOREIGN KEY (`structureId`) REFERENCES `craft_structures` (`id`) ON DELETE CASCADE;

--
-- Constraints for table `craft_categorygroups_i18n`
--
ALTER TABLE `craft_categorygroups_i18n`
	ADD CONSTRAINT `craft_categorygroups_i18n_groupId_fk` FOREIGN KEY (`groupId`) REFERENCES `craft_categorygroups` (`id`) ON DELETE CASCADE,
	ADD CONSTRAINT `craft_categorygroups_i18n_locale_fk` FOREIGN KEY (`locale`) REFERENCES `craft_locales` (`locale`) ON DELETE CASCADE ON UPDATE CASCADE;

--
-- Constraints for table `craft_content`
--
ALTER TABLE `craft_content`
	ADD CONSTRAINT `craft_content_elementId_fk` FOREIGN KEY (`elementId`) REFERENCES `craft_elements` (`id`) ON DELETE CASCADE,
	ADD CONSTRAINT `craft_content_locale_fk` FOREIGN KEY (`locale`) REFERENCES `craft_locales` (`locale`) ON DELETE CASCADE ON UPDATE CASCADE;

--
-- Constraints for table `craft_elements_i18n`
--
ALTER TABLE `craft_elements_i18n`
	ADD CONSTRAINT `craft_elements_i18n_elementId_fk` FOREIGN KEY (`elementId`) REFERENCES `craft_elements` (`id`) ON DELETE CASCADE,
	ADD CONSTRAINT `craft_elements_i18n_locale_fk` FOREIGN KEY (`locale`) REFERENCES `craft_locales` (`locale`) ON DELETE CASCADE ON UPDATE CASCADE;

--
-- Constraints for table `craft_emailmessages`
--
ALTER TABLE `craft_emailmessages`
	ADD CONSTRAINT `craft_emailmessages_locale_fk` FOREIGN KEY (`locale`) REFERENCES `craft_locales` (`locale`) ON DELETE CASCADE ON UPDATE CASCADE;

--
-- Constraints for table `craft_entries`
--
ALTER TABLE `craft_entries`
	ADD CONSTRAINT `craft_entries_authorId_fk` FOREIGN KEY (`authorId`) REFERENCES `craft_users` (`id`) ON DELETE CASCADE,
	ADD CONSTRAINT `craft_entries_id_fk` FOREIGN KEY (`id`) REFERENCES `craft_elements` (`id`) ON DELETE CASCADE,
	ADD CONSTRAINT `craft_entries_sectionId_fk` FOREIGN KEY (`sectionId`) REFERENCES `craft_sections` (`id`) ON DELETE CASCADE,
	ADD CONSTRAINT `craft_entries_typeId_fk` FOREIGN KEY (`typeId`) REFERENCES `craft_entrytypes` (`id`) ON DELETE CASCADE;

--
-- Constraints for table `craft_entrydrafts`
--
ALTER TABLE `craft_entrydrafts`
	ADD CONSTRAINT `craft_entrydrafts_creatorId_fk` FOREIGN KEY (`creatorId`) REFERENCES `craft_users` (`id`) ON DELETE CASCADE,
	ADD CONSTRAINT `craft_entrydrafts_entryId_fk` FOREIGN KEY (`entryId`) REFERENCES `craft_entries` (`id`) ON DELETE CASCADE,
	ADD CONSTRAINT `craft_entrydrafts_locale_fk` FOREIGN KEY (`locale`) REFERENCES `craft_locales` (`locale`) ON DELETE CASCADE ON UPDATE CASCADE,
	ADD CONSTRAINT `craft_entrydrafts_sectionId_fk` FOREIGN KEY (`sectionId`) REFERENCES `craft_sections` (`id`) ON DELETE CASCADE;

--
-- Constraints for table `craft_entrytypes`
--
ALTER TABLE `craft_entrytypes`
	ADD CONSTRAINT `craft_entrytypes_fieldLayoutId_fk` FOREIGN KEY (`fieldLayoutId`) REFERENCES `craft_fieldlayouts` (`id`) ON DELETE SET NULL,
	ADD CONSTRAINT `craft_entrytypes_sectionId_fk` FOREIGN KEY (`sectionId`) REFERENCES `craft_sections` (`id`) ON DELETE CASCADE;

--
-- Constraints for table `craft_entryversions`
--
ALTER TABLE `craft_entryversions`
	ADD CONSTRAINT `craft_entryversions_creatorId_fk` FOREIGN KEY (`creatorId`) REFERENCES `craft_users` (`id`) ON DELETE SET NULL,
	ADD CONSTRAINT `craft_entryversions_entryId_fk` FOREIGN KEY (`entryId`) REFERENCES `craft_entries` (`id`) ON DELETE CASCADE,
	ADD CONSTRAINT `craft_entryversions_locale_fk` FOREIGN KEY (`locale`) REFERENCES `craft_locales` (`locale`) ON DELETE CASCADE ON UPDATE CASCADE,
	ADD CONSTRAINT `craft_entryversions_sectionId_fk` FOREIGN KEY (`sectionId`) REFERENCES `craft_sections` (`id`) ON DELETE CASCADE;

--
-- Constraints for table `craft_fieldlayoutfields`
--
ALTER TABLE `craft_fieldlayoutfields`
	ADD CONSTRAINT `craft_fieldlayoutfields_fieldId_fk` FOREIGN KEY (`fieldId`) REFERENCES `craft_fields` (`id`) ON DELETE CASCADE,
	ADD CONSTRAINT `craft_fieldlayoutfields_layoutId_fk` FOREIGN KEY (`layoutId`) REFERENCES `craft_fieldlayouts` (`id`) ON DELETE CASCADE,
	ADD CONSTRAINT `craft_fieldlayoutfields_tabId_fk` FOREIGN KEY (`tabId`) REFERENCES `craft_fieldlayouttabs` (`id`) ON DELETE CASCADE;

--
-- Constraints for table `craft_fieldlayouttabs`
--
ALTER TABLE `craft_fieldlayouttabs`
	ADD CONSTRAINT `craft_fieldlayouttabs_layoutId_fk` FOREIGN KEY (`layoutId`) REFERENCES `craft_fieldlayouts` (`id`) ON DELETE CASCADE;

--
-- Constraints for table `craft_fields`
--
ALTER TABLE `craft_fields`
	ADD CONSTRAINT `craft_fields_groupId_fk` FOREIGN KEY (`groupId`) REFERENCES `craft_fieldgroups` (`id`) ON DELETE CASCADE;

--
-- Constraints for table `craft_globalsets`
--
ALTER TABLE `craft_globalsets`
	ADD CONSTRAINT `craft_globalsets_fieldLayoutId_fk` FOREIGN KEY (`fieldLayoutId`) REFERENCES `craft_fieldlayouts` (`id`) ON DELETE SET NULL,
	ADD CONSTRAINT `craft_globalsets_id_fk` FOREIGN KEY (`id`) REFERENCES `craft_elements` (`id`) ON DELETE CASCADE;

--
-- Constraints for table `craft_matrixblocks`
--
ALTER TABLE `craft_matrixblocks`
	ADD CONSTRAINT `craft_matrixblocks_fieldId_fk` FOREIGN KEY (`fieldId`) REFERENCES `craft_fields` (`id`) ON DELETE CASCADE,
	ADD CONSTRAINT `craft_matrixblocks_id_fk` FOREIGN KEY (`id`) REFERENCES `craft_elements` (`id`) ON DELETE CASCADE,
	ADD CONSTRAINT `craft_matrixblocks_ownerId_fk` FOREIGN KEY (`ownerId`) REFERENCES `craft_elements` (`id`) ON DELETE CASCADE,
	ADD CONSTRAINT `craft_matrixblocks_ownerLocale_fk` FOREIGN KEY (`ownerLocale`) REFERENCES `craft_locales` (`locale`) ON DELETE CASCADE ON UPDATE CASCADE,
	ADD CONSTRAINT `craft_matrixblocks_typeId_fk` FOREIGN KEY (`typeId`) REFERENCES `craft_matrixblocktypes` (`id`) ON DELETE CASCADE;

--
-- Constraints for table `craft_matrixblocktypes`
--
ALTER TABLE `craft_matrixblocktypes`
	ADD CONSTRAINT `craft_matrixblocktypes_fieldId_fk` FOREIGN KEY (`fieldId`) REFERENCES `craft_fields` (`id`) ON DELETE CASCADE,
	ADD CONSTRAINT `craft_matrixblocktypes_fieldLayoutId_fk` FOREIGN KEY (`fieldLayoutId`) REFERENCES `craft_fieldlayouts` (`id`) ON DELETE SET NULL;

--
-- Constraints for table `craft_matrixcontent_instructionblock`
--
ALTER TABLE `craft_matrixcontent_instructionblock`
	ADD CONSTRAINT `craft_matrixcontent_instructionblock_elementId_fk` FOREIGN KEY (`elementId`) REFERENCES `craft_elements` (`id`) ON DELETE CASCADE,
	ADD CONSTRAINT `craft_matrixcontent_instructionblock_locale_fk` FOREIGN KEY (`locale`) REFERENCES `craft_locales` (`locale`) ON DELETE CASCADE ON UPDATE CASCADE;

--
-- Constraints for table `craft_migrations`
--
ALTER TABLE `craft_migrations`
	ADD CONSTRAINT `craft_migrations_pluginId_fk` FOREIGN KEY (`pluginId`) REFERENCES `craft_plugins` (`id`) ON DELETE CASCADE;

--
-- Constraints for table `craft_relations`
--
ALTER TABLE `craft_relations`
	ADD CONSTRAINT `craft_relations_fieldId_fk` FOREIGN KEY (`fieldId`) REFERENCES `craft_fields` (`id`) ON DELETE CASCADE,
	ADD CONSTRAINT `craft_relations_sourceId_fk` FOREIGN KEY (`sourceId`) REFERENCES `craft_elements` (`id`) ON DELETE CASCADE,
	ADD CONSTRAINT `craft_relations_sourceLocale_fk` FOREIGN KEY (`sourceLocale`) REFERENCES `craft_locales` (`locale`) ON DELETE CASCADE ON UPDATE CASCADE,
	ADD CONSTRAINT `craft_relations_targetId_fk` FOREIGN KEY (`targetId`) REFERENCES `craft_elements` (`id`) ON DELETE CASCADE;

--
-- Constraints for table `craft_routes`
--
ALTER TABLE `craft_routes`
	ADD CONSTRAINT `craft_routes_locale_fk` FOREIGN KEY (`locale`) REFERENCES `craft_locales` (`locale`) ON DELETE CASCADE ON UPDATE CASCADE;

--
-- Constraints for table `craft_sections`
--
ALTER TABLE `craft_sections`
	ADD CONSTRAINT `craft_sections_structureId_fk` FOREIGN KEY (`structureId`) REFERENCES `craft_structures` (`id`) ON DELETE SET NULL;

--
-- Constraints for table `craft_sections_i18n`
--
ALTER TABLE `craft_sections_i18n`
	ADD CONSTRAINT `craft_sections_i18n_locale_fk` FOREIGN KEY (`locale`) REFERENCES `craft_locales` (`locale`) ON DELETE CASCADE ON UPDATE CASCADE,
	ADD CONSTRAINT `craft_sections_i18n_sectionId_fk` FOREIGN KEY (`sectionId`) REFERENCES `craft_sections` (`id`) ON DELETE CASCADE;

--
-- Constraints for table `craft_sessions`
--
ALTER TABLE `craft_sessions`
	ADD CONSTRAINT `craft_sessions_userId_fk` FOREIGN KEY (`userId`) REFERENCES `craft_users` (`id`) ON DELETE CASCADE;

--
-- Constraints for table `craft_shunnedmessages`
--
ALTER TABLE `craft_shunnedmessages`
	ADD CONSTRAINT `craft_shunnedmessages_userId_fk` FOREIGN KEY (`userId`) REFERENCES `craft_users` (`id`) ON DELETE CASCADE;

--
-- Constraints for table `craft_structureelements`
--
ALTER TABLE `craft_structureelements`
	ADD CONSTRAINT `craft_structureelements_elementId_fk` FOREIGN KEY (`elementId`) REFERENCES `craft_elements` (`id`) ON DELETE CASCADE,
	ADD CONSTRAINT `craft_structureelements_structureId_fk` FOREIGN KEY (`structureId`) REFERENCES `craft_structures` (`id`) ON DELETE CASCADE;

--
-- Constraints for table `craft_taggroups`
--
ALTER TABLE `craft_taggroups`
	ADD CONSTRAINT `craft_taggroups_fieldLayoutId_fk` FOREIGN KEY (`fieldLayoutId`) REFERENCES `craft_fieldlayouts` (`id`) ON DELETE SET NULL;

--
-- Constraints for table `craft_tags`
--
ALTER TABLE `craft_tags`
	ADD CONSTRAINT `craft_tags_groupId_fk` FOREIGN KEY (`groupId`) REFERENCES `craft_taggroups` (`id`) ON DELETE CASCADE,
	ADD CONSTRAINT `craft_tags_id_fk` FOREIGN KEY (`id`) REFERENCES `craft_elements` (`id`) ON DELETE CASCADE;

--
-- Constraints for table `craft_templatecachecriteria`
--
ALTER TABLE `craft_templatecachecriteria`
	ADD CONSTRAINT `craft_templatecachecriteria_cacheId_fk` FOREIGN KEY (`cacheId`) REFERENCES `craft_templatecaches` (`id`) ON DELETE CASCADE;

--
-- Constraints for table `craft_templatecacheelements`
--
ALTER TABLE `craft_templatecacheelements`
	ADD CONSTRAINT `craft_templatecacheelements_cacheId_fk` FOREIGN KEY (`cacheId`) REFERENCES `craft_templatecaches` (`id`) ON DELETE CASCADE,
	ADD CONSTRAINT `craft_templatecacheelements_elementId_fk` FOREIGN KEY (`elementId`) REFERENCES `craft_elements` (`id`) ON DELETE CASCADE;

--
-- Constraints for table `craft_templatecaches`
--
ALTER TABLE `craft_templatecaches`
	ADD CONSTRAINT `craft_templatecaches_locale_fk` FOREIGN KEY (`locale`) REFERENCES `craft_locales` (`locale`) ON DELETE CASCADE ON UPDATE CASCADE;

--
-- Constraints for table `craft_usergroups_users`
--
ALTER TABLE `craft_usergroups_users`
	ADD CONSTRAINT `craft_usergroups_users_groupId_fk` FOREIGN KEY (`groupId`) REFERENCES `craft_usergroups` (`id`) ON DELETE CASCADE,
	ADD CONSTRAINT `craft_usergroups_users_userId_fk` FOREIGN KEY (`userId`) REFERENCES `craft_users` (`id`) ON DELETE CASCADE;

--
-- Constraints for table `craft_userpermissions_usergroups`
--
ALTER TABLE `craft_userpermissions_usergroups`
	ADD CONSTRAINT `craft_userpermissions_usergroups_groupId_fk` FOREIGN KEY (`groupId`) REFERENCES `craft_usergroups` (`id`) ON DELETE CASCADE,
	ADD CONSTRAINT `craft_userpermissions_usergroups_permissionId_fk` FOREIGN KEY (`permissionId`) REFERENCES `craft_userpermissions` (`id`) ON DELETE CASCADE;

--
-- Constraints for table `craft_userpermissions_users`
--
ALTER TABLE `craft_userpermissions_users`
	ADD CONSTRAINT `craft_userpermissions_users_permissionId_fk` FOREIGN KEY (`permissionId`) REFERENCES `craft_userpermissions` (`id`) ON DELETE CASCADE,
	ADD CONSTRAINT `craft_userpermissions_users_userId_fk` FOREIGN KEY (`userId`) REFERENCES `craft_users` (`id`) ON DELETE CASCADE;

--
-- Constraints for table `craft_users`
--
ALTER TABLE `craft_users`
	ADD CONSTRAINT `craft_users_id_fk` FOREIGN KEY (`id`) REFERENCES `craft_elements` (`id`) ON DELETE CASCADE,
	ADD CONSTRAINT `craft_users_preferredLocale_fk` FOREIGN KEY (`preferredLocale`) REFERENCES `craft_locales` (`locale`) ON DELETE SET NULL ON UPDATE CASCADE;

--
-- Constraints for table `craft_widgets`
--
ALTER TABLE `craft_widgets`
	ADD CONSTRAINT `craft_widgets_userId_fk` FOREIGN KEY (`userId`) REFERENCES `craft_users` (`id`) ON DELETE CASCADE;

SET FOREIGN_KEY_CHECKS = 1;
