-- Generated by Craft v2.6.3000 on Dec 17, 2017, 6:28:12 PM.

--
-- Disable foreign key checks and autocommit.
--

SET FOREIGN_KEY_CHECKS = 0;
SET SQL_MODE = "NO_AUTO_VALUE_ON_ZERO";
SET AUTOCOMMIT = 0;
SET NAMES utf8;


DROP TABLE IF EXISTS `craft_assetfiles`;


--
-- Schema for table `craft_assetfiles`
--
CREATE TABLE `craft_assetfiles` (
  `id` int(11) NOT NULL,
  `sourceId` int(11) DEFAULT NULL,
  `folderId` int(11) NOT NULL,
  `filename` varchar(255) COLLATE utf8_unicode_ci NOT NULL,
  `kind` varchar(50) COLLATE utf8_unicode_ci NOT NULL DEFAULT 'unknown',
  `width` int(11) unsigned DEFAULT NULL,
  `height` int(11) unsigned DEFAULT NULL,
  `size` bigint(20) unsigned DEFAULT NULL,
  `dateModified` datetime DEFAULT NULL,
  `dateCreated` datetime NOT NULL,
  `dateUpdated` datetime NOT NULL,
  `uid` char(36) COLLATE utf8_unicode_ci NOT NULL DEFAULT '0',
  PRIMARY KEY (`id`),
  UNIQUE KEY `craft_assetfiles_filename_folderId_unq_idx` (`filename`,`folderId`),
  KEY `craft_assetfiles_sourceId_fk` (`sourceId`),
  KEY `craft_assetfiles_folderId_fk` (`folderId`)
) ENGINE=InnoDB DEFAULT CHARSET=utf8 COLLATE=utf8_unicode_ci;

--
-- Data for table `craft_assetfiles`
--

INSERT INTO `craft_assetfiles` (`id`, `sourceId`, `folderId`, `filename`, `kind`, `width`, `height`, `size`, `dateModified`, `dateCreated`, `dateUpdated`, `uid`) VALUES
 ('5', '1', '1', 'Screen-Shot-2017-12-05-at-7.07.13-PM.png', 'image', '251', '155', '91018', '2017-12-10 20:35:58', '2017-12-10 20:35:59', '2017-12-10 20:35:59', '42720021-a2d6-4252-8cce-8768dce6b7c5'),
 ('25', '1', '1', 'InstructionBlockPhoto1.jpg', 'image', '2880', '1790', '755778', '2017-12-11 23:05:31', '2017-12-11 23:06:03', '2017-12-11 23:06:04', 'b564d7e6-3c03-4098-9d6f-91e2878b30f1'),
 ('26', '1', '1', 'InstructionBlockPhoto2.gif', 'image', '820', '520', '113250', '2017-12-11 23:05:34', '2017-12-11 23:06:04', '2017-12-11 23:06:04', '39f05036-6214-4712-bb51-41382a82b439'),
 ('27', '1', '1', 'QuickGuidePreview.png', 'image', '1000', '417', '21487', '2017-12-11 23:05:35', '2017-12-11 23:06:05', '2017-12-11 23:06:05', '94b7f27f-5da5-431a-9e8a-9801da02c063'),
 ('32', '1', '1', 'InstructionBlockPhoto3.png', 'image', '2001', '1274', '309541', '2017-12-12 19:06:09', '2017-12-12 19:06:18', '2017-12-12 19:06:19', '914c45b5-1a03-4f55-bce3-4be93e55d0b6'),
 ('38', '1', '1', 'InstructionBlockPhoto4.mp4', 'video', NULL, NULL, '3537903', '2017-12-12 19:08:58', '2017-12-12 19:09:03', '2017-12-12 19:09:03', '8df14658-5a9f-4b44-8916-6d51e47cb297'),
 ('40', '1', '1', 'InstructionBlockPhoto5.png', 'image', '2880', '2048', '3629694', '2017-12-12 19:17:49', '2017-12-12 19:17:55', '2017-12-12 19:17:56', '2065de47-c9b3-4462-b54f-ec5d5c10074a'),
 ('42', '1', '1', 'InstructionBlockPhoto6.png', 'image', '2880', '2048', '2401152', '2017-12-12 19:20:15', '2017-12-12 19:22:40', '2017-12-12 19:22:40', 'b5d3c1a9-bd52-42b0-8d0a-f87ae53f2f55'),
 ('45', '1', '1', 'QuickGuidePreview-2.png', 'image', '1000', '417', '18822', '2017-12-16 00:43:57', '2017-12-16 00:44:02', '2017-12-16 00:44:02', '61bf480a-e702-425c-a7ad-566e2175cb43'),
 ('49', '1', '1', 'InstructionBlockPhoto7.jpg', 'image', '2880', '2048', '1108175', '2017-12-16 00:45:26', '2017-12-16 00:45:46', '2017-12-16 00:45:47', 'eb268183-3e8c-4eba-8b54-5786edc2cf01'),
 ('50', '1', '1', 'InstructionBlockPhoto8.gif', 'image', '820', '520', '113250', '2017-12-16 00:45:29', '2017-12-16 00:45:48', '2017-12-16 00:45:48', '71a0f014-fa91-46ef-8ba1-9da27f646480'),
 ('51', '1', '1', 'InstructionBlockPhoto9.png', 'image', '730', '550', '94241', '2017-12-16 00:45:38', '2017-12-16 00:45:49', '2017-12-16 00:45:49', 'c2408bda-47da-45dc-be14-f9eba6a14541'),
 ('59', '1', '1', 'QuickGuidePreview-3.png', 'image', '1000', '417', '27393', '2017-12-16 19:38:29', '2017-12-16 19:38:30', '2017-12-16 19:38:30', '192b842c-737f-4d8c-9935-53b1586c3bbb'),
 ('60', '1', '1', 'InstructionBlockPhoto10.png', 'image', '2856', '1640', '344270', '2017-12-16 19:38:11', '2017-12-16 19:38:33', '2017-12-16 19:38:34', 'd7488446-c4d1-42ec-8b04-63139d8887e5'),
 ('61', '1', '1', 'InstructionBlockPhoto11.png', 'image', '2001', '1274', '309541', '2017-12-16 19:38:21', '2017-12-16 19:38:35', '2017-12-16 19:38:35', '560c3cdf-de3b-41d3-9d7c-ebb78f2ca1b1'),
 ('62', '1', '1', 'InstructionBlockPhoto12.png', 'image', '2056', '1873', '428886', '2017-12-16 19:38:27', '2017-12-16 19:38:35', '2017-12-16 19:38:36', '1f1bf0cf-2785-4208-aa50-18c75f6e4893'),
 ('72', '1', '1', 'InstructionBlockPhoto13.png', 'image', '2048', '1356', '11127743', '2017-12-16 19:44:15', '2017-12-16 19:45:26', '2017-12-16 19:45:26', '5c5a48d4-1717-4a0d-baae-af899a4c3d47'),
 ('73', '1', '1', 'InstructionBlockPhoto14.png', 'image', '1639', '1044', '6856636', '2017-12-16 19:44:25', '2017-12-16 19:45:26', '2017-12-16 19:45:26', '44a8f5cb-289c-4f0c-9edf-9eb019aa4ae6'),
 ('74', '1', '1', 'InstructionBlockPhoto15.png', 'image', '2048', '1356', '11127743', '2017-12-16 19:44:40', '2017-12-16 19:45:27', '2017-12-16 19:45:27', 'b43795c4-3f2d-47b4-ae13-479f31f84a94'),
 ('75', '1', '1', 'InstructionBlockPhoto16.png', 'image', '2048', '1356', '4399247', '2017-12-16 19:44:53', '2017-12-16 19:45:27', '2017-12-16 19:45:27', '595b5d18-c689-4704-a736-f6d503e3b888'),
 ('76', '1', '1', 'InstructionBlockPhoto17.png', 'image', '2560', '1600', '199386', '2017-12-16 19:45:17', '2017-12-16 19:45:28', '2017-12-16 19:45:28', 'e1615358-1111-44fa-aa3c-0a360a1e74cf');



DROP TABLE IF EXISTS `craft_assetfolders`;


--
-- Schema for table `craft_assetfolders`
--
CREATE TABLE `craft_assetfolders` (
  `id` int(11) NOT NULL AUTO_INCREMENT,
  `parentId` int(11) DEFAULT NULL,
  `sourceId` int(11) DEFAULT NULL,
  `name` varchar(255) COLLATE utf8_unicode_ci NOT NULL,
  `path` varchar(255) COLLATE utf8_unicode_ci DEFAULT NULL,
  `dateCreated` datetime NOT NULL,
  `dateUpdated` datetime NOT NULL,
  `uid` char(36) COLLATE utf8_unicode_ci NOT NULL DEFAULT '0',
  PRIMARY KEY (`id`),
  UNIQUE KEY `craft_assetfolders_name_parentId_sourceId_unq_idx` (`name`,`parentId`,`sourceId`),
  KEY `craft_assetfolders_parentId_fk` (`parentId`),
  KEY `craft_assetfolders_sourceId_fk` (`sourceId`)
) ENGINE=InnoDB AUTO_INCREMENT=2 DEFAULT CHARSET=utf8 COLLATE=utf8_unicode_ci;

--
-- Data for table `craft_assetfolders`
--

INSERT INTO `craft_assetfolders` (`id`, `parentId`, `sourceId`, `name`, `path`, `dateCreated`, `dateUpdated`, `uid`) VALUES
 ('1', NULL, '1', 'Images', '', '2017-12-10 20:19:06', '2017-12-10 20:19:06', 'e9be9ea8-47a4-4809-b763-7e6e26f8ef14');



DROP TABLE IF EXISTS `craft_assetindexdata`;


--
-- Schema for table `craft_assetindexdata`
--
CREATE TABLE `craft_assetindexdata` (
  `id` int(11) NOT NULL AUTO_INCREMENT,
  `sessionId` varchar(36) COLLATE utf8_unicode_ci NOT NULL DEFAULT '',
  `sourceId` int(10) NOT NULL,
  `offset` int(10) NOT NULL,
  `uri` varchar(255) COLLATE utf8_unicode_ci DEFAULT NULL,
  `size` varchar(255) COLLATE utf8_unicode_ci DEFAULT NULL,
  `recordId` int(10) DEFAULT NULL,
  `dateCreated` datetime NOT NULL,
  `dateUpdated` datetime NOT NULL,
  `uid` char(36) COLLATE utf8_unicode_ci NOT NULL DEFAULT '0',
  PRIMARY KEY (`id`),
  UNIQUE KEY `craft_assetindexdata_sessionId_sourceId_offset_unq_idx` (`sessionId`,`sourceId`,`offset`),
  KEY `craft_assetindexdata_sourceId_fk` (`sourceId`)
) ENGINE=InnoDB DEFAULT CHARSET=utf8 COLLATE=utf8_unicode_ci;

DROP TABLE IF EXISTS `craft_assetsources`;


--
-- Schema for table `craft_assetsources`
--
CREATE TABLE `craft_assetsources` (
  `id` int(11) NOT NULL AUTO_INCREMENT,
  `name` varchar(255) COLLATE utf8_unicode_ci NOT NULL,
  `handle` varchar(255) COLLATE utf8_unicode_ci NOT NULL,
  `type` varchar(150) COLLATE utf8_unicode_ci NOT NULL,
  `settings` text COLLATE utf8_unicode_ci,
  `sortOrder` smallint(6) unsigned DEFAULT NULL,
  `fieldLayoutId` int(10) DEFAULT NULL,
  `dateCreated` datetime NOT NULL,
  `dateUpdated` datetime NOT NULL,
  `uid` char(36) COLLATE utf8_unicode_ci NOT NULL DEFAULT '0',
  PRIMARY KEY (`id`),
  UNIQUE KEY `craft_assetsources_name_unq_idx` (`name`),
  UNIQUE KEY `craft_assetsources_handle_unq_idx` (`handle`),
  KEY `craft_assetsources_fieldLayoutId_fk` (`fieldLayoutId`)
) ENGINE=InnoDB AUTO_INCREMENT=2 DEFAULT CHARSET=utf8 COLLATE=utf8_unicode_ci;

--
-- Data for table `craft_assetsources`
--

INSERT INTO `craft_assetsources` (`id`, `name`, `handle`, `type`, `settings`, `sortOrder`, `fieldLayoutId`, `dateCreated`, `dateUpdated`, `uid`) VALUES
 ('1', 'Images', 'images', 'Local', '{\"path\":\"images\\/\",\"publicURLs\":\"1\",\"url\":\"{baseUrl}images\\/\"}', '1', '7', '2017-12-10 20:19:06', '2017-12-10 20:19:06', 'b82de952-58d8-4734-8908-693d281a567b');



DROP TABLE IF EXISTS `craft_assettransformindex`;


--
-- Schema for table `craft_assettransformindex`
--
CREATE TABLE `craft_assettransformindex` (
  `id` int(11) NOT NULL AUTO_INCREMENT,
  `fileId` int(11) NOT NULL,
  `filename` varchar(255) COLLATE utf8_unicode_ci DEFAULT NULL,
  `format` varchar(255) COLLATE utf8_unicode_ci DEFAULT NULL,
  `location` varchar(255) COLLATE utf8_unicode_ci NOT NULL,
  `sourceId` int(11) DEFAULT NULL,
  `fileExists` tinyint(1) DEFAULT NULL,
  `inProgress` tinyint(1) DEFAULT NULL,
  `dateIndexed` datetime DEFAULT NULL,
  `dateCreated` datetime NOT NULL,
  `dateUpdated` datetime NOT NULL,
  `uid` char(36) COLLATE utf8_unicode_ci NOT NULL DEFAULT '0',
  PRIMARY KEY (`id`),
  KEY `craft_assettransformindex_sourceId_fileId_location_idx` (`sourceId`,`fileId`,`location`)
) ENGINE=InnoDB DEFAULT CHARSET=utf8 COLLATE=utf8_unicode_ci;

DROP TABLE IF EXISTS `craft_assettransforms`;


--
-- Schema for table `craft_assettransforms`
--
CREATE TABLE `craft_assettransforms` (
  `id` int(11) NOT NULL AUTO_INCREMENT,
  `name` varchar(255) COLLATE utf8_unicode_ci NOT NULL,
  `handle` varchar(255) COLLATE utf8_unicode_ci NOT NULL,
  `mode` enum('stretch','fit','crop') COLLATE utf8_unicode_ci NOT NULL DEFAULT 'crop',
  `position` enum('top-left','top-center','top-right','center-left','center-center','center-right','bottom-left','bottom-center','bottom-right') COLLATE utf8_unicode_ci NOT NULL DEFAULT 'center-center',
  `height` int(10) DEFAULT NULL,
  `width` int(10) DEFAULT NULL,
  `format` varchar(255) COLLATE utf8_unicode_ci DEFAULT NULL,
  `quality` int(10) DEFAULT NULL,
  `dimensionChangeTime` datetime DEFAULT NULL,
  `dateCreated` datetime NOT NULL,
  `dateUpdated` datetime NOT NULL,
  `uid` char(36) COLLATE utf8_unicode_ci NOT NULL DEFAULT '0',
  PRIMARY KEY (`id`),
  UNIQUE KEY `craft_assettransforms_name_unq_idx` (`name`),
  UNIQUE KEY `craft_assettransforms_handle_unq_idx` (`handle`)
) ENGINE=InnoDB DEFAULT CHARSET=utf8 COLLATE=utf8_unicode_ci;

DROP TABLE IF EXISTS `craft_categories`;


--
-- Schema for table `craft_categories`
--
CREATE TABLE `craft_categories` (
  `id` int(11) NOT NULL,
  `groupId` int(11) NOT NULL,
  `dateCreated` datetime NOT NULL,
  `dateUpdated` datetime NOT NULL,
  `uid` char(36) COLLATE utf8_unicode_ci NOT NULL DEFAULT '0',
  PRIMARY KEY (`id`),
  KEY `craft_categories_groupId_fk` (`groupId`)
) ENGINE=InnoDB DEFAULT CHARSET=utf8 COLLATE=utf8_unicode_ci;

DROP TABLE IF EXISTS `craft_categorygroups`;


--
-- Schema for table `craft_categorygroups`
--
CREATE TABLE `craft_categorygroups` (
  `id` int(11) NOT NULL AUTO_INCREMENT,
  `structureId` int(11) NOT NULL,
  `fieldLayoutId` int(11) DEFAULT NULL,
  `name` varchar(255) COLLATE utf8_unicode_ci NOT NULL,
  `handle` varchar(255) COLLATE utf8_unicode_ci NOT NULL,
  `hasUrls` tinyint(1) unsigned NOT NULL DEFAULT '1',
  `template` varchar(500) COLLATE utf8_unicode_ci DEFAULT NULL,
  `dateCreated` datetime NOT NULL,
  `dateUpdated` datetime NOT NULL,
  `uid` char(36) COLLATE utf8_unicode_ci NOT NULL DEFAULT '0',
  PRIMARY KEY (`id`),
  UNIQUE KEY `craft_categorygroups_name_unq_idx` (`name`),
  UNIQUE KEY `craft_categorygroups_handle_unq_idx` (`handle`),
  KEY `craft_categorygroups_structureId_fk` (`structureId`),
  KEY `craft_categorygroups_fieldLayoutId_fk` (`fieldLayoutId`)
) ENGINE=InnoDB DEFAULT CHARSET=utf8 COLLATE=utf8_unicode_ci;

DROP TABLE IF EXISTS `craft_categorygroups_i18n`;


--
-- Schema for table `craft_categorygroups_i18n`
--
CREATE TABLE `craft_categorygroups_i18n` (
  `id` int(11) NOT NULL AUTO_INCREMENT,
  `groupId` int(11) NOT NULL,
  `locale` char(12) COLLATE utf8_unicode_ci NOT NULL,
  `urlFormat` text COLLATE utf8_unicode_ci,
  `nestedUrlFormat` text COLLATE utf8_unicode_ci,
  `dateCreated` datetime NOT NULL,
  `dateUpdated` datetime NOT NULL,
  `uid` char(36) COLLATE utf8_unicode_ci NOT NULL DEFAULT '0',
  PRIMARY KEY (`id`),
  UNIQUE KEY `craft_categorygroups_i18n_groupId_locale_unq_idx` (`groupId`,`locale`),
  KEY `craft_categorygroups_i18n_locale_fk` (`locale`)
) ENGINE=InnoDB DEFAULT CHARSET=utf8 COLLATE=utf8_unicode_ci;

DROP TABLE IF EXISTS `craft_content`;


--
-- Schema for table `craft_content`
--
CREATE TABLE `craft_content` (
  `id` int(11) NOT NULL AUTO_INCREMENT,
  `elementId` int(11) NOT NULL,
  `locale` char(12) COLLATE utf8_unicode_ci NOT NULL,
  `title` varchar(255) COLLATE utf8_unicode_ci DEFAULT NULL,
  `field_description` text COLLATE utf8_unicode_ci,
  `field_order` int(10) unsigned DEFAULT '0',
  `dateCreated` datetime NOT NULL,
  `dateUpdated` datetime NOT NULL,
  `uid` char(36) COLLATE utf8_unicode_ci NOT NULL DEFAULT '0',
  PRIMARY KEY (`id`),
  UNIQUE KEY `craft_content_elementId_locale_unq_idx` (`elementId`,`locale`),
  KEY `craft_content_title_idx` (`title`),
  KEY `craft_content_locale_fk` (`locale`)
) ENGINE=InnoDB AUTO_INCREMENT=63 DEFAULT CHARSET=utf8 COLLATE=utf8_unicode_ci;

--
-- Data for table `craft_content`
--

INSERT INTO `craft_content` (`id`, `elementId`, `locale`, `title`, `field_description`, `field_order`, `dateCreated`, `dateUpdated`, `uid`) VALUES
 ('1', '1', 'en_us', NULL, NULL, '0', '2017-12-10 19:43:08', '2017-12-14 16:10:54', '5a9aa19c-fe5e-4b88-acc3-d160ddf33917'),
 ('5', '5', 'en_us', 'Screen Shot 2017 12 05 At 7 07 13 Pm', NULL, '0', '2017-12-10 20:35:58', '2017-12-10 20:35:58', '8fe8cae4-baf2-4859-8e11-18691176739c'),
 ('23', '25', 'en_us', 'Instruction Block Photo1', NULL, '0', '2017-12-11 23:06:03', '2017-12-11 23:06:04', '5fb420e8-464b-4413-b526-3911854f6238'),
 ('24', '26', 'en_us', 'Instruction Block Photo2', NULL, '0', '2017-12-11 23:06:04', '2017-12-11 23:06:04', '3cdbb4a2-8797-49ca-ac2a-7f7fb0b95005'),
 ('25', '27', 'en_us', 'Quick Guide Preview', NULL, '0', '2017-12-11 23:06:05', '2017-12-11 23:06:05', '6e22f615-f28d-4166-96cc-5db1afc9a00f'),
 ('26', '28', 'en_us', 'Watch and Review Video', 'Once your video is uploaded, you can start adding comments and drawings, and save individual clips and playlists to share with the team.', '3', '2017-12-11 23:06:26', '2017-12-16 00:57:18', '625bbee8-e20e-4ab2-b804-727a89f2344c'),
 ('28', '32', 'en_us', 'Instruction Block Photo3', NULL, '0', '2017-12-12 19:06:18', '2017-12-12 19:06:19', '147a2b98-4475-4b99-a370-32f854459d56'),
 ('29', '33', 'en_us', 'Get Started with Hudl', 'New to Hudl and looking for a quick overview of what it’s all about? Get started in three easy steps.', '1', '2017-12-12 19:06:39', '2017-12-16 00:56:56', 'beb876f7-9131-4258-b16c-707248bf0717'),
 ('31', '38', 'en_us', 'Instruction Block Photo4', NULL, '0', '2017-12-12 19:09:03', '2017-12-12 19:09:03', 'a82a5c5b-5412-4830-87b1-b7f0429d2e56'),
 ('33', '40', 'en_us', 'Instruction Block Photo5', NULL, '0', '2017-12-12 19:17:55', '2017-12-12 19:17:56', '0632345c-2b88-42f0-b149-c1e6c62cdbe6'),
 ('35', '42', 'en_us', 'Instruction Block Photo6', NULL, '0', '2017-12-12 19:22:40', '2017-12-12 19:22:40', '06b319b5-160e-4d3b-96aa-2ddc05ef2088'),
 ('36', '45', 'en_us', 'Quick Guide Preview 2', NULL, '0', '2017-12-16 00:43:58', '2017-12-16 00:43:58', 'a5627acd-f33c-4792-96c8-b4564197efe2'),
 ('40', '49', 'en_us', 'Instruction Block Photo7', NULL, '0', '2017-12-16 00:45:46', '2017-12-16 00:45:47', 'cf474e70-cce2-41d3-a829-65d506f66d0f'),
 ('41', '50', 'en_us', 'Instruction Block Photo8', NULL, '0', '2017-12-16 00:45:48', '2017-12-16 00:45:48', 'f353530e-1f17-460a-8532-9212d831adfd'),
 ('42', '51', 'en_us', 'Instruction Block Photo9', NULL, '0', '2017-12-16 00:45:48', '2017-12-16 00:45:49', '7fa0e7b3-1d26-4059-a1e9-f3a4ce22912f'),
 ('43', '52', 'en_us', 'Upload and Exchange Video', 'Find the best fit for video uploads and learn how to exchange video with teams both on and off Hudl.', '2', '2017-12-16 00:47:55', '2017-12-16 00:52:40', '1353e28f-ea87-4e8b-819a-10366e7f8015'),
 ('47', '59', 'en_us', 'Quick Guide Preview 3', NULL, '0', '2017-12-16 19:38:30', '2017-12-16 19:38:30', '70f1f9c1-442d-4d1d-a38f-e0bcd5bb9a10'),
 ('48', '60', 'en_us', 'Instruction Block Photo10', NULL, '0', '2017-12-16 19:38:33', '2017-12-16 19:38:34', '34b9179c-e55e-4d64-95ea-9662e6582416'),
 ('49', '61', 'en_us', 'Instruction Block Photo11', NULL, '0', '2017-12-16 19:38:35', '2017-12-16 19:38:35', 'e997cb34-068c-4705-baba-82327ce72ce8'),
 ('50', '62', 'en_us', 'Instruction Block Photo12', NULL, '0', '2017-12-16 19:38:35', '2017-12-16 19:38:36', '50c658b5-d7d6-42b9-a337-e43fb077be3d'),
 ('51', '63', 'en_us', 'Get Your Team Involved', 'Help your team get the most out of Hudl by adding your coaches and athletes to the account. Share video, coaching points and your schedule to take your team to the next level.', '3', '2017-12-16 19:41:09', '2017-12-16 19:41:09', '9b37a373-8fdb-45bb-8595-58a59a005895'),
 ('57', '72', 'en_us', 'Instruction Block Photo13', NULL, '0', '2017-12-16 19:45:25', '2017-12-16 19:45:26', '0ce90c6d-0186-4c42-95af-90f9e2d43044'),
 ('58', '73', 'en_us', 'Instruction Block Photo14', NULL, '0', '2017-12-16 19:45:26', '2017-12-16 19:45:26', '8202d1d9-7b45-4a1d-9ea7-6fb805c55826'),
 ('59', '74', 'en_us', 'Instruction Block Photo15', NULL, '0', '2017-12-16 19:45:27', '2017-12-16 19:45:27', '7fb5225f-5978-48d5-b7dd-ade0c74dcb69'),
 ('60', '75', 'en_us', 'Instruction Block Photo16', NULL, '0', '2017-12-16 19:45:27', '2017-12-16 19:45:27', '3e1a7e2f-d231-420e-83db-4c4412b75bbd'),
 ('61', '76', 'en_us', 'Instruction Block Photo17', NULL, '0', '2017-12-16 19:45:28', '2017-12-16 19:45:28', '267e8880-5f3e-4377-9b4d-143689fe62ed'),
 ('62', '77', 'en_us', 'Hudl Assist', 'Take a deeper look at the data you receive with Hudl Assist—plus tips and tricks to help uncover insights.', '10', '2017-12-16 19:49:01', '2017-12-16 19:49:01', 'b1d74a7b-e8ff-4836-b132-baeb98b013d3');



DROP TABLE IF EXISTS `craft_deprecationerrors`;


--
-- Schema for table `craft_deprecationerrors`
--
CREATE TABLE `craft_deprecationerrors` (
  `id` int(11) NOT NULL AUTO_INCREMENT,
  `key` varchar(255) COLLATE utf8_unicode_ci NOT NULL,
  `fingerprint` varchar(255) COLLATE utf8_unicode_ci NOT NULL,
  `lastOccurrence` datetime NOT NULL,
  `file` varchar(255) COLLATE utf8_unicode_ci NOT NULL,
  `line` smallint(6) unsigned NOT NULL,
  `class` varchar(255) COLLATE utf8_unicode_ci DEFAULT NULL,
  `method` varchar(255) COLLATE utf8_unicode_ci DEFAULT NULL,
  `template` varchar(255) COLLATE utf8_unicode_ci DEFAULT NULL,
  `templateLine` smallint(6) unsigned DEFAULT NULL,
  `message` varchar(255) COLLATE utf8_unicode_ci DEFAULT NULL,
  `traces` text COLLATE utf8_unicode_ci,
  `dateCreated` datetime NOT NULL,
  `dateUpdated` datetime NOT NULL,
  `uid` char(36) COLLATE utf8_unicode_ci NOT NULL DEFAULT '0',
  PRIMARY KEY (`id`),
  UNIQUE KEY `craft_deprecationerrors_key_fingerprint_unq_idx` (`key`,`fingerprint`)
) ENGINE=InnoDB DEFAULT CHARSET=utf8 COLLATE=utf8_unicode_ci;

DROP TABLE IF EXISTS `craft_elementindexsettings`;


--
-- Schema for table `craft_elementindexsettings`
--
CREATE TABLE `craft_elementindexsettings` (
  `id` int(11) NOT NULL AUTO_INCREMENT,
  `type` varchar(150) COLLATE utf8_unicode_ci NOT NULL,
  `settings` text COLLATE utf8_unicode_ci,
  `dateCreated` datetime NOT NULL,
  `dateUpdated` datetime NOT NULL,
  `uid` char(36) COLLATE utf8_unicode_ci NOT NULL DEFAULT '0',
  PRIMARY KEY (`id`),
  UNIQUE KEY `craft_elementindexsettings_type_unq_idx` (`type`)
) ENGINE=InnoDB AUTO_INCREMENT=2 DEFAULT CHARSET=utf8 COLLATE=utf8_unicode_ci;

--
-- Data for table `craft_elementindexsettings`
--

INSERT INTO `craft_elementindexsettings` (`id`, `type`, `settings`, `dateCreated`, `dateUpdated`, `uid`) VALUES
 ('1', 'Entry', '{\"sources\":{\"section:5\":{\"tableAttributes\":{\"1\":\"postDate\",\"2\":\"expiryDate\",\"3\":\"link\",\"4\":\"slug\",\"5\":\"uri\",\"6\":\"section\",\"7\":\"type\",\"8\":\"field:25\"}}}}', '2017-12-11 22:40:13', '2017-12-16 00:53:03', 'a2e9f600-fe54-42dc-bfe8-9d754e7c2d44');



DROP TABLE IF EXISTS `craft_elements`;


--
-- Schema for table `craft_elements`
--
CREATE TABLE `craft_elements` (
  `id` int(11) NOT NULL AUTO_INCREMENT,
  `type` varchar(150) COLLATE utf8_unicode_ci NOT NULL,
  `enabled` tinyint(1) unsigned NOT NULL DEFAULT '1',
  `archived` tinyint(1) unsigned NOT NULL DEFAULT '0',
  `dateCreated` datetime NOT NULL,
  `dateUpdated` datetime NOT NULL,
  `uid` char(36) COLLATE utf8_unicode_ci NOT NULL DEFAULT '0',
  PRIMARY KEY (`id`),
  KEY `craft_elements_type_idx` (`type`),
  KEY `craft_elements_enabled_idx` (`enabled`),
  KEY `craft_elements_archived_dateCreated_idx` (`archived`,`dateCreated`)
) ENGINE=InnoDB AUTO_INCREMENT=83 DEFAULT CHARSET=utf8 COLLATE=utf8_unicode_ci;

--
-- Data for table `craft_elements`
--

INSERT INTO `craft_elements` (`id`, `type`, `enabled`, `archived`, `dateCreated`, `dateUpdated`, `uid`) VALUES
 ('1', 'User', '1', '0', '2017-12-10 19:43:08', '2017-12-14 16:10:50', '6667cbb5-e380-4525-95a2-58f466b0c6a8'),
 ('5', 'Asset', '1', '0', '2017-12-10 20:35:58', '2017-12-10 20:35:58', '6e148838-be4d-456c-8174-5af6d4548504'),
 ('25', 'Asset', '1', '0', '2017-12-11 23:06:03', '2017-12-11 23:06:04', 'c2eb8885-86ce-4a54-a431-1fa5876345a1'),
 ('26', 'Asset', '1', '0', '2017-12-11 23:06:04', '2017-12-11 23:06:04', '3f58535e-42bf-484f-85d0-1bafd3434a34'),
 ('27', 'Asset', '1', '0', '2017-12-11 23:06:05', '2017-12-11 23:06:05', 'd1696be5-48d4-42c1-82f3-971a9b97e395'),
 ('28', 'Entry', '1', '0', '2017-12-11 23:06:26', '2017-12-16 00:57:18', '934ecbaf-4d34-4cac-9a86-cd0ff08da9f5'),
 ('30', 'MatrixBlock', '1', '0', '2017-12-11 23:11:14', '2017-12-16 00:57:19', '1f2f5263-5e36-402f-8b38-ab2ea1f82698'),
 ('32', 'Asset', '1', '0', '2017-12-12 19:06:18', '2017-12-12 19:06:19', '9e37b27e-b8f1-4edb-9a7e-c5a9e8d30bd4'),
 ('33', 'Entry', '1', '0', '2017-12-12 19:06:39', '2017-12-16 00:56:56', 'd7e2ce1b-8841-4e74-a1f2-ff8d2f32091b'),
 ('34', 'MatrixBlock', '1', '0', '2017-12-12 19:06:40', '2017-12-16 00:56:56', '1245e9a2-5527-4079-9750-b4b9d4438bfb'),
 ('35', 'MatrixBlock', '1', '0', '2017-12-12 19:06:41', '2017-12-16 00:56:57', '4ea76463-951c-44c2-b635-b33f9d38a63d'),
 ('36', 'MatrixBlock', '1', '0', '2017-12-12 19:06:41', '2017-12-16 00:56:57', 'af9edfed-c930-43c4-ac7f-813aa68c1015'),
 ('38', 'Asset', '1', '0', '2017-12-12 19:09:03', '2017-12-12 19:09:03', '6e1c3fa9-5641-4026-9198-c059e8c078be'),
 ('40', 'Asset', '1', '0', '2017-12-12 19:17:55', '2017-12-12 19:17:56', 'fa814f95-9377-459e-a727-dfcd4e1880ff'),
 ('42', 'Asset', '1', '0', '2017-12-12 19:22:40', '2017-12-12 19:22:40', 'ae4f7302-fa9e-4eee-9639-46f9acd56f99'),
 ('43', 'MatrixBlock', '1', '0', '2017-12-12 19:22:50', '2017-12-16 00:57:19', '49c239a7-080c-48f3-8510-a035b0030eec'),
 ('44', 'MatrixBlock', '1', '0', '2017-12-12 19:22:50', '2017-12-16 00:57:19', 'ef66a3cf-e931-48bd-8b93-22cd3e9f8084'),
 ('45', 'Asset', '1', '0', '2017-12-16 00:43:58', '2017-12-16 00:43:58', '5ea707c5-6bf1-44b5-8473-f7aa9fccd9e9'),
 ('49', 'Asset', '1', '0', '2017-12-16 00:45:46', '2017-12-16 00:45:47', 'a1cdfd24-01eb-4f34-b6e3-b3f421b7750a'),
 ('50', 'Asset', '1', '0', '2017-12-16 00:45:48', '2017-12-16 00:45:48', '25dee068-7585-4159-a1ed-5c4a6f07df0d'),
 ('51', 'Asset', '1', '0', '2017-12-16 00:45:48', '2017-12-16 00:45:49', '08f6a99f-565d-4ec5-b509-fbbe04e79372'),
 ('52', 'Entry', '1', '0', '2017-12-16 00:47:55', '2017-12-16 00:52:40', '0d5c5f08-30fb-48d2-b125-ebcfce020e83'),
 ('53', 'MatrixBlock', '1', '0', '2017-12-16 00:47:58', '2017-12-16 00:52:41', 'cddde762-8deb-4c28-9eee-d038bf3b04d5'),
 ('54', 'MatrixBlock', '1', '0', '2017-12-16 00:47:58', '2017-12-16 00:52:41', 'a81dc06e-1413-4de1-afae-156e4c5957bc'),
 ('55', 'MatrixBlock', '1', '0', '2017-12-16 00:47:58', '2017-12-16 00:52:41', 'b05f83a4-cb77-4f27-b440-ddf066387dc8'),
 ('59', 'Asset', '1', '0', '2017-12-16 19:38:29', '2017-12-16 19:38:29', '484a6e7e-ef4d-4c2d-a563-0613364c017d'),
 ('60', 'Asset', '1', '0', '2017-12-16 19:38:33', '2017-12-16 19:38:34', '30063f06-0ab9-44a0-987a-563b462d616b'),
 ('61', 'Asset', '1', '0', '2017-12-16 19:38:35', '2017-12-16 19:38:35', '9caf155a-0d02-4763-8610-302d19747cc3'),
 ('62', 'Asset', '1', '0', '2017-12-16 19:38:35', '2017-12-16 19:38:35', '8893f76d-a5d8-490b-befd-c71b072f581b'),
 ('63', 'Entry', '1', '0', '2017-12-16 19:41:09', '2017-12-16 19:41:09', '3de342a8-11c0-401f-94de-7c4babe031e5'),
 ('64', 'MatrixBlock', '1', '0', '2017-12-16 19:41:10', '2017-12-16 19:41:10', '6fb78137-bf07-4e56-bd85-6e21e1c7bb61'),
 ('65', 'MatrixBlock', '1', '0', '2017-12-16 19:41:10', '2017-12-16 19:41:10', '0b54fe27-e418-413f-afd9-5ae0523313d4'),
 ('66', 'MatrixBlock', '1', '0', '2017-12-16 19:41:10', '2017-12-16 19:41:10', 'a7643be9-4782-424a-a8b3-1a2a2f8f8692'),
 ('72', 'Asset', '1', '0', '2017-12-16 19:45:25', '2017-12-16 19:45:26', 'dd0145e6-f9a9-4f11-961f-0480e0036410'),
 ('73', 'Asset', '1', '0', '2017-12-16 19:45:26', '2017-12-16 19:45:26', '3e4e03e1-b295-4e26-a122-43b91971fc88'),
 ('74', 'Asset', '1', '0', '2017-12-16 19:45:27', '2017-12-16 19:45:27', '1c02ba7b-9f61-4eb2-85fa-528efa439277'),
 ('75', 'Asset', '1', '0', '2017-12-16 19:45:27', '2017-12-16 19:45:27', '825fcb3f-c914-49a1-b8be-8b0f9d7f7e38'),
 ('76', 'Asset', '1', '0', '2017-12-16 19:45:28', '2017-12-16 19:45:28', 'fe851063-aeee-41fe-b897-79e91c519d5d'),
 ('77', 'Entry', '1', '0', '2017-12-16 19:49:01', '2017-12-16 19:49:01', '9c6b67fd-db89-4391-9da3-5ac7e6789847'),
 ('78', 'MatrixBlock', '1', '0', '2017-12-16 19:49:01', '2017-12-16 19:49:01', '09ee2505-ce50-448f-b5e0-d1e46bef7a24'),
 ('79', 'MatrixBlock', '1', '0', '2017-12-16 19:49:02', '2017-12-16 19:49:02', '3f0f25cc-433c-4ed9-8447-59741c726916'),
 ('80', 'MatrixBlock', '1', '0', '2017-12-16 19:49:02', '2017-12-16 19:49:02', 'aef8aefb-16f2-44ad-8460-d0f9d0c89c15'),
 ('81', 'MatrixBlock', '1', '0', '2017-12-16 19:49:02', '2017-12-16 19:49:02', 'a6c7ecf9-504b-4aa3-af74-2f29bc4a6669'),
 ('82', 'MatrixBlock', '1', '0', '2017-12-16 19:49:02', '2017-12-16 19:49:02', '0001da39-a18c-4898-989e-177cb288cad9');



DROP TABLE IF EXISTS `craft_elements_i18n`;


--
-- Schema for table `craft_elements_i18n`
--
CREATE TABLE `craft_elements_i18n` (
  `id` int(11) NOT NULL AUTO_INCREMENT,
  `elementId` int(11) NOT NULL,
  `locale` char(12) COLLATE utf8_unicode_ci NOT NULL,
  `slug` varchar(255) COLLATE utf8_unicode_ci DEFAULT NULL,
  `uri` varchar(255) COLLATE utf8_unicode_ci DEFAULT NULL,
  `enabled` tinyint(1) unsigned NOT NULL DEFAULT '1',
  `dateCreated` datetime NOT NULL,
  `dateUpdated` datetime NOT NULL,
  `uid` char(36) COLLATE utf8_unicode_ci NOT NULL DEFAULT '0',
  PRIMARY KEY (`id`),
  UNIQUE KEY `craft_elements_i18n_elementId_locale_unq_idx` (`elementId`,`locale`),
  UNIQUE KEY `craft_elements_i18n_uri_locale_unq_idx` (`uri`,`locale`),
  KEY `craft_elements_i18n_slug_locale_idx` (`slug`,`locale`),
  KEY `craft_elements_i18n_enabled_idx` (`enabled`),
  KEY `craft_elements_i18n_locale_fk` (`locale`)
) ENGINE=InnoDB AUTO_INCREMENT=83 DEFAULT CHARSET=utf8 COLLATE=utf8_unicode_ci;

--
-- Data for table `craft_elements_i18n`
--

INSERT INTO `craft_elements_i18n` (`id`, `elementId`, `locale`, `slug`, `uri`, `enabled`, `dateCreated`, `dateUpdated`, `uid`) VALUES
 ('1', '1', 'en_us', '', NULL, '1', '2017-12-10 19:43:08', '2017-12-14 16:10:57', '41579e91-644f-489c-980c-0def316d31bc'),
 ('5', '5', 'en_us', 'screen-shot-2017-12-05-at-7-07-13-pm', NULL, '1', '2017-12-10 20:35:58', '2017-12-10 20:35:58', '822f7e57-80b3-46e1-9485-4b8bd30ce061'),
 ('25', '25', 'en_us', 'instruction-block-photo1', NULL, '1', '2017-12-11 23:06:03', '2017-12-11 23:06:04', 'ad5f14fa-4bc2-4d19-9fab-e64eabff3661'),
 ('26', '26', 'en_us', 'instruction-block-photo2', NULL, '1', '2017-12-11 23:06:04', '2017-12-11 23:06:04', '90180a86-331d-440f-8fb6-036f7808cff3'),
 ('27', '27', 'en_us', 'quick-guide-preview', NULL, '1', '2017-12-11 23:06:05', '2017-12-11 23:06:05', '7c4df76d-91c1-4906-8c65-0f48ede50e31'),
 ('28', '28', 'en_us', 'watch-and-review-video', 'guides/watch-and-review-video', '1', '2017-12-11 23:06:27', '2017-12-16 00:57:19', '38319c25-41e0-43cd-9348-ec764503f0a0'),
 ('30', '30', 'en_us', '', NULL, '1', '2017-12-11 23:11:14', '2017-12-16 00:57:19', '7ab738d2-11ee-459a-9fef-8cbe2f7fcbca'),
 ('32', '32', 'en_us', 'instruction-block-photo3', NULL, '1', '2017-12-12 19:06:18', '2017-12-12 19:06:19', 'cc353c10-c20a-4cf7-b421-c36497daf241'),
 ('33', '33', 'en_us', 'get-started-with-hudl', 'guides/get-started-with-hudl', '1', '2017-12-12 19:06:40', '2017-12-16 00:56:56', 'ba05e044-b8e3-4ad5-bbe2-cdbc6d5edd17'),
 ('34', '34', 'en_us', '', NULL, '1', '2017-12-12 19:06:40', '2017-12-16 00:56:56', '986ac30a-543a-40d7-ba77-bbf8ceb7a944'),
 ('35', '35', 'en_us', '', NULL, '1', '2017-12-12 19:06:41', '2017-12-16 00:56:57', '8c0e23ee-ff5c-471c-bc90-1c352805b6b2'),
 ('36', '36', 'en_us', '', NULL, '1', '2017-12-12 19:06:41', '2017-12-16 00:56:57', '00f702a7-5de9-44ca-8b9f-c16755162cb3'),
 ('38', '38', 'en_us', 'instruction-block-photo4', NULL, '1', '2017-12-12 19:09:03', '2017-12-12 19:09:03', '90078754-95e3-4925-8ffc-0814bb38c2d6'),
 ('40', '40', 'en_us', 'instruction-block-photo5', NULL, '1', '2017-12-12 19:17:55', '2017-12-12 19:17:56', 'f6453c5d-60d3-44ae-a98a-0b27aa8737d2'),
 ('42', '42', 'en_us', 'instruction-block-photo6', NULL, '1', '2017-12-12 19:22:40', '2017-12-12 19:22:40', '015a3ef0-e666-4c61-915e-7eb1473b86ee'),
 ('43', '43', 'en_us', '', NULL, '1', '2017-12-12 19:22:50', '2017-12-16 00:57:19', '2a9489a6-fea4-435f-829a-599dc8349e16'),
 ('44', '44', 'en_us', '', NULL, '1', '2017-12-12 19:22:50', '2017-12-16 00:57:19', '25b64eca-2dc9-41d8-909a-ad8bc151d638'),
 ('45', '45', 'en_us', 'quick-guide-preview-2', NULL, '1', '2017-12-16 00:44:00', '2017-12-16 00:44:00', 'b0b572c4-28da-4078-8a20-dedd31dc7a72'),
 ('49', '49', 'en_us', 'instruction-block-photo7', NULL, '1', '2017-12-16 00:45:46', '2017-12-16 00:45:47', '994d9b1e-29e0-4100-a897-bd3606bf41cc'),
 ('50', '50', 'en_us', 'instruction-block-photo8', NULL, '1', '2017-12-16 00:45:48', '2017-12-16 00:45:48', '16dcb05e-3e45-4345-b2db-4413bb49cc9c'),
 ('51', '51', 'en_us', 'instruction-block-photo9', NULL, '1', '2017-12-16 00:45:48', '2017-12-16 00:45:49', '4ef7667f-75df-4a5a-8d18-99ecd9054acd'),
 ('52', '52', 'en_us', 'upload-and-exchange-video', 'guides/upload-and-exchange-video', '1', '2017-12-16 00:47:57', '2017-12-16 00:52:41', 'c79b161f-5b71-4a48-9c65-e49db3f5ab79'),
 ('53', '53', 'en_us', '', NULL, '1', '2017-12-16 00:47:58', '2017-12-16 00:52:41', '949e601e-94b7-49ab-a826-1e247dd57947'),
 ('54', '54', 'en_us', '', NULL, '1', '2017-12-16 00:47:58', '2017-12-16 00:52:41', 'b225288e-2ef3-41d3-9891-2e43b6935ab0'),
 ('55', '55', 'en_us', '', NULL, '1', '2017-12-16 00:47:58', '2017-12-16 00:52:41', 'c68f4d25-0580-4c7d-9f6d-1bf86cd24853'),
 ('59', '59', 'en_us', 'quick-guide-preview-3', NULL, '1', '2017-12-16 19:38:30', '2017-12-16 19:38:30', '4e0d85a2-e5b1-4271-ad1c-906e6a941528'),
 ('60', '60', 'en_us', 'instruction-block-photo10', NULL, '1', '2017-12-16 19:38:33', '2017-12-16 19:38:34', '0d7306b0-c3eb-44f9-93b4-cdac5d4c6229'),
 ('61', '61', 'en_us', 'instruction-block-photo11', NULL, '1', '2017-12-16 19:38:35', '2017-12-16 19:38:35', '1ddc1f82-b01f-4e51-b3b0-0f9ede5a901c'),
 ('62', '62', 'en_us', 'instruction-block-photo12', NULL, '1', '2017-12-16 19:38:35', '2017-12-16 19:38:36', '7767bd49-ee9c-425c-bb9f-7c2360e00409'),
 ('63', '63', 'en_us', 'get-your-team-involved', 'guides/get-your-team-involved', '1', '2017-12-16 19:41:09', '2017-12-16 19:41:09', '25fcb1ca-c994-4d93-b618-f909931e4d68'),
 ('64', '64', 'en_us', '', NULL, '1', '2017-12-16 19:41:10', '2017-12-16 19:41:10', 'fd910738-c6c4-4381-8a05-38649aff561b'),
 ('65', '65', 'en_us', '', NULL, '1', '2017-12-16 19:41:10', '2017-12-16 19:41:10', '165404f3-5096-4ea7-a1b1-8e9bb372f05c'),
 ('66', '66', 'en_us', '', NULL, '1', '2017-12-16 19:41:10', '2017-12-16 19:41:10', 'ac156f65-64eb-46d3-b476-52ef4e574c1f'),
 ('72', '72', 'en_us', 'instruction-block-photo13', NULL, '1', '2017-12-16 19:45:25', '2017-12-16 19:45:26', '260fa800-e969-4a4d-a290-f1ab24ec265b'),
 ('73', '73', 'en_us', 'instruction-block-photo14', NULL, '1', '2017-12-16 19:45:26', '2017-12-16 19:45:26', '9538d519-694f-47ab-a9cd-a0b1467b1a6d'),
 ('74', '74', 'en_us', 'instruction-block-photo15', NULL, '1', '2017-12-16 19:45:27', '2017-12-16 19:45:27', '7926738c-278d-4eb2-884b-92ce7e29de4b'),
 ('75', '75', 'en_us', 'instruction-block-photo16', NULL, '1', '2017-12-16 19:45:27', '2017-12-16 19:45:27', '6cd12e62-7513-4768-9ea3-78a215bb7d8b'),
 ('76', '76', 'en_us', 'instruction-block-photo17', NULL, '1', '2017-12-16 19:45:28', '2017-12-16 19:45:28', 'ea09697d-665e-4320-a1b5-fd4a3145bc2f'),
 ('77', '77', 'en_us', 'hudl-assist', 'guides/hudl-assist', '1', '2017-12-16 19:49:01', '2017-12-16 19:49:01', '2175dce9-49c7-42a4-b53d-145db073b769'),
 ('78', '78', 'en_us', '', NULL, '1', '2017-12-16 19:49:01', '2017-12-16 19:49:01', '444be962-cc61-429a-a0f6-eb4ed0308558'),
 ('79', '79', 'en_us', '', NULL, '1', '2017-12-16 19:49:02', '2017-12-16 19:49:02', '15e8aa57-9694-4c71-8805-e73a734f7f37'),
 ('80', '80', 'en_us', '', NULL, '1', '2017-12-16 19:49:02', '2017-12-16 19:49:02', '9c544508-b98a-4746-8d8f-cf98121ce117'),
 ('81', '81', 'en_us', '', NULL, '1', '2017-12-16 19:49:02', '2017-12-16 19:49:02', 'dd735e40-0f20-4822-9a3f-26573957606d'),
 ('82', '82', 'en_us', '', NULL, '1', '2017-12-16 19:49:02', '2017-12-16 19:49:02', 'd3de0bf1-aadf-4e1f-8eb3-2a6047e99de8');



DROP TABLE IF EXISTS `craft_emailmessages`;


--
-- Schema for table `craft_emailmessages`
--
CREATE TABLE `craft_emailmessages` (
  `id` int(11) NOT NULL AUTO_INCREMENT,
  `key` char(150) COLLATE utf8_unicode_ci NOT NULL,
  `locale` char(12) COLLATE utf8_unicode_ci NOT NULL,
  `subject` varchar(1000) COLLATE utf8_unicode_ci NOT NULL,
  `body` text COLLATE utf8_unicode_ci NOT NULL,
  `dateCreated` datetime NOT NULL,
  `dateUpdated` datetime NOT NULL,
  `uid` char(36) COLLATE utf8_unicode_ci NOT NULL DEFAULT '0',
  PRIMARY KEY (`id`),
  UNIQUE KEY `craft_emailmessages_key_locale_unq_idx` (`key`,`locale`),
  KEY `craft_emailmessages_locale_fk` (`locale`)
) ENGINE=InnoDB DEFAULT CHARSET=utf8 COLLATE=utf8_unicode_ci;

DROP TABLE IF EXISTS `craft_entries`;


--
-- Schema for table `craft_entries`
--
CREATE TABLE `craft_entries` (
  `id` int(11) NOT NULL,
  `sectionId` int(11) NOT NULL,
  `typeId` int(11) DEFAULT NULL,
  `authorId` int(11) DEFAULT NULL,
  `postDate` datetime DEFAULT NULL,
  `expiryDate` datetime DEFAULT NULL,
  `dateCreated` datetime NOT NULL,
  `dateUpdated` datetime NOT NULL,
  `uid` char(36) COLLATE utf8_unicode_ci NOT NULL DEFAULT '0',
  PRIMARY KEY (`id`),
  KEY `craft_entries_sectionId_idx` (`sectionId`),
  KEY `craft_entries_typeId_idx` (`typeId`),
  KEY `craft_entries_postDate_idx` (`postDate`),
  KEY `craft_entries_expiryDate_idx` (`expiryDate`),
  KEY `craft_entries_authorId_fk` (`authorId`)
) ENGINE=InnoDB DEFAULT CHARSET=utf8 COLLATE=utf8_unicode_ci;

--
-- Data for table `craft_entries`
--

INSERT INTO `craft_entries` (`id`, `sectionId`, `typeId`, `authorId`, `postDate`, `expiryDate`, `dateCreated`, `dateUpdated`, `uid`) VALUES
 ('28', '5', '10', '1', '2017-12-11 23:06:00', NULL, '2017-12-11 23:06:27', '2017-12-16 00:57:19', 'a8b0f279-356f-4645-9164-95aa0658b330'),
 ('33', '5', '10', '1', '2017-12-12 19:06:00', NULL, '2017-12-12 19:06:41', '2017-12-16 00:56:57', '96b8ec9a-b8f0-4bdd-bc2f-8e9eac259672'),
 ('52', '5', '10', '1', '2017-12-16 00:47:00', NULL, '2017-12-16 00:47:58', '2017-12-16 00:52:41', '4eb3f19b-3e5b-4cf4-b350-99489c5ea480'),
 ('63', '5', '10', '1', '2017-12-16 19:41:08', NULL, '2017-12-16 19:41:10', '2017-12-16 19:41:10', 'a6560391-2637-4010-bb5f-e14c42d69d8c'),
 ('77', '5', '10', '1', '2017-12-16 19:48:00', NULL, '2017-12-16 19:49:02', '2017-12-16 19:49:02', '7aa651db-72ab-44f2-96e3-f0e5830a22f0');



DROP TABLE IF EXISTS `craft_entrydrafts`;


--
-- Schema for table `craft_entrydrafts`
--
CREATE TABLE `craft_entrydrafts` (
  `id` int(11) NOT NULL AUTO_INCREMENT,
  `entryId` int(11) NOT NULL,
  `sectionId` int(11) NOT NULL,
  `creatorId` int(11) NOT NULL,
  `locale` char(12) COLLATE utf8_unicode_ci NOT NULL,
  `name` varchar(255) COLLATE utf8_unicode_ci NOT NULL,
  `notes` tinytext COLLATE utf8_unicode_ci,
  `data` mediumtext COLLATE utf8_unicode_ci NOT NULL,
  `dateCreated` datetime NOT NULL,
  `dateUpdated` datetime NOT NULL,
  `uid` char(36) COLLATE utf8_unicode_ci NOT NULL DEFAULT '0',
  PRIMARY KEY (`id`),
  KEY `craft_entrydrafts_entryId_locale_idx` (`entryId`,`locale`),
  KEY `craft_entrydrafts_sectionId_fk` (`sectionId`),
  KEY `craft_entrydrafts_creatorId_fk` (`creatorId`),
  KEY `craft_entrydrafts_locale_fk` (`locale`)
) ENGINE=InnoDB DEFAULT CHARSET=utf8 COLLATE=utf8_unicode_ci;

DROP TABLE IF EXISTS `craft_entrytypes`;


--
-- Schema for table `craft_entrytypes`
--
CREATE TABLE `craft_entrytypes` (
  `id` int(11) NOT NULL AUTO_INCREMENT,
  `sectionId` int(11) NOT NULL,
  `fieldLayoutId` int(11) DEFAULT NULL,
  `name` varchar(255) COLLATE utf8_unicode_ci NOT NULL,
  `handle` varchar(255) COLLATE utf8_unicode_ci NOT NULL,
  `hasTitleField` tinyint(1) unsigned NOT NULL DEFAULT '1',
  `titleLabel` varchar(255) COLLATE utf8_unicode_ci DEFAULT 'Title',
  `titleFormat` varchar(255) COLLATE utf8_unicode_ci DEFAULT NULL,
  `sortOrder` smallint(6) unsigned DEFAULT NULL,
  `dateCreated` datetime NOT NULL,
  `dateUpdated` datetime NOT NULL,
  `uid` char(36) COLLATE utf8_unicode_ci NOT NULL DEFAULT '0',
  PRIMARY KEY (`id`),
  UNIQUE KEY `craft_entrytypes_name_sectionId_unq_idx` (`name`,`sectionId`),
  UNIQUE KEY `craft_entrytypes_handle_sectionId_unq_idx` (`handle`,`sectionId`),
  KEY `craft_entrytypes_sectionId_fk` (`sectionId`),
  KEY `craft_entrytypes_fieldLayoutId_fk` (`fieldLayoutId`)
) ENGINE=InnoDB AUTO_INCREMENT=11 DEFAULT CHARSET=utf8 COLLATE=utf8_unicode_ci;

--
-- Data for table `craft_entrytypes`
--

INSERT INTO `craft_entrytypes` (`id`, `sectionId`, `fieldLayoutId`, `name`, `handle`, `hasTitleField`, `titleLabel`, `titleFormat`, `sortOrder`, `dateCreated`, `dateUpdated`, `uid`) VALUES
 ('10', '5', '30', 'Quick Guide', 'quickGuide', '1', 'Title', NULL, '2', '2017-12-11 22:16:06', '2017-12-16 00:52:18', '0c0396c8-efa8-4448-afa0-2b7d70f7d1a0');



DROP TABLE IF EXISTS `craft_entryversions`;


--
-- Schema for table `craft_entryversions`
--
CREATE TABLE `craft_entryversions` (
  `id` int(11) NOT NULL AUTO_INCREMENT,
  `entryId` int(11) NOT NULL,
  `sectionId` int(11) NOT NULL,
  `creatorId` int(11) DEFAULT NULL,
  `locale` char(12) COLLATE utf8_unicode_ci NOT NULL,
  `num` smallint(6) unsigned NOT NULL,
  `notes` tinytext COLLATE utf8_unicode_ci,
  `data` mediumtext COLLATE utf8_unicode_ci NOT NULL,
  `dateCreated` datetime NOT NULL,
  `dateUpdated` datetime NOT NULL,
  `uid` char(36) COLLATE utf8_unicode_ci NOT NULL DEFAULT '0',
  PRIMARY KEY (`id`),
  KEY `craft_entryversions_entryId_locale_idx` (`entryId`,`locale`),
  KEY `craft_entryversions_sectionId_fk` (`sectionId`),
  KEY `craft_entryversions_creatorId_fk` (`creatorId`),
  KEY `craft_entryversions_locale_fk` (`locale`)
) ENGINE=InnoDB AUTO_INCREMENT=30 DEFAULT CHARSET=utf8 COLLATE=utf8_unicode_ci;

--
-- Data for table `craft_entryversions`
--

INSERT INTO `craft_entryversions` (`id`, `entryId`, `sectionId`, `creatorId`, `locale`, `num`, `notes`, `data`, `dateCreated`, `dateUpdated`, `uid`) VALUES
 ('16', '28', '5', '1', 'en_us', '1', '', '{\"typeId\":null,\"authorId\":\"1\",\"title\":\"Watch and Review Video\",\"slug\":\"watch-and-review-video\",\"postDate\":1513033585,\"expiryDate\":null,\"enabled\":1,\"parentId\":null,\"fields\":{\"17\":\"Once your video is uploaded, you can start adding comments and drawings, and save individual clips and playlists to share with the team.\",\"19\":{\"new1\":{\"type\":\"instructionBlock\",\"enabled\":\"1\",\"fields\":{\"header\":\"Comment on your video.\",\"details\":\"<p>Have a good (or bad) play you want to call out?<\\/p>\\r\\n<ol><li>Click&nbsp;<b>Video<\\/b>.<\\/li><li>Play the game you uploaded.<\\/li><li>Click&nbsp;<b>Add a comment<\\/b>&nbsp;and type away.<\\/li><li>Save the new clip to a playlist for later review.<\\/li><\\/ol><p><\\/p>\",\"links\":\"<ul><li><a href=\\\"https:\\/\\/www.hudl.com\\/support\\/v3\\/watch-and-manage-video\\/watch-and-manage-video\\/create-comments-and-drawings\\\" target=\\\"_blank\\\">Learn more about adding comments and drawings.<\\/a><\\/li><li><a href=\\\"https:\\/\\/www.hudl.com\\/support\\/v3\\/review-and-share-video\\/review-video\\/create-playlists-1\\\">Learn how to create a playlist with clips.<\\/a><\\/li><\\/ul>\"}}},\"18\":[\"27\"]}}', '2017-12-11 23:06:27', '2017-12-11 23:06:27', '86a5029a-6bde-4104-8b64-8d22951589e6'),
 ('17', '28', '5', '1', 'en_us', '2', '', '{\"typeId\":\"10\",\"authorId\":\"1\",\"title\":\"Watch and Review Video\",\"slug\":\"watch-and-review-video\",\"postDate\":1513033560,\"expiryDate\":null,\"enabled\":1,\"parentId\":null,\"fields\":{\"17\":\"Once your video is uploaded, you can start adding comments and drawings, and save individual clips and playlists to share with the team.\",\"19\":{\"new1\":{\"type\":\"instructionBlock\",\"enabled\":\"1\",\"fields\":{\"header\":\"Add a video.\",\"details\":\"<p>Likely the main reason you\\u2019re here.<\\/p>\\r\\n<ol><li>Click&nbsp;<b>Upload<\\/b>.<\\/li><li>Drag and drop your video, or select the file from your computer.<\\/li><li>Add details such as Video Type or Schedule Event.<\\/li><\\/ol>\",\"links\":\"<p><a href=\\\"https:\\/\\/www.hudl.com\\/support\\/v3\\/get-video-online\\/upload-video-from-a-computer\\/upload-from-a-computer1\\\" target=\\\"_blank\\\">Learn more about uploading from a computer.<\\/a><\\/p>\",\"helperImage\":[\"26\"]}},\"29\":{\"type\":\"instructionBlock\",\"enabled\":\"1\",\"fields\":{\"header\":\"Comment on your video.\",\"details\":\"<p>Have a good (or bad) play you want to call out?<\\/p>\\r\\n<ol><li>Click&nbsp;<strong>Video<\\/strong>.<\\/li><li>Play the game you uploaded.<\\/li><li>Click&nbsp;<strong>Add a comment<\\/strong>&nbsp;and type away.<\\/li><li>Save the new clip to a playlist for later review.<\\/li><\\/ol>\",\"links\":\"<p><a href=\\\"https:\\/\\/www.hudl.com\\/support\\/v3\\/watch-and-manage-video\\/watch-and-manage-video\\/create-comments-and-drawings\\\" target=\\\"_blank\\\" rel=\\\"noreferrer noopener\\\">Learn more about adding comments and drawings.<\\/a><\\/p><p><a href=\\\"https:\\/\\/www.hudl.com\\/support\\/v3\\/review-and-share-video\\/review-video\\/create-playlists-1\\\" style=\\\"background-color: initial;\\\">Learn how to create a playlist with clips.<\\/a><\\/p>\",\"helperImage\":[\"25\"]}}},\"18\":[\"27\"]}}', '2017-12-11 23:11:14', '2017-12-11 23:11:14', 'f1c82a17-3dce-403c-a705-7495f079c67e'),
 ('18', '28', '5', '1', 'en_us', '3', '', '{\"typeId\":\"10\",\"authorId\":\"1\",\"title\":\"Watch and Review Video\",\"slug\":\"watch-and-review-video\",\"postDate\":1513033560,\"expiryDate\":null,\"enabled\":1,\"parentId\":null,\"fields\":{\"17\":\"Once your video is uploaded, you can start adding comments and drawings, and save individual clips and playlists to share with the team.\",\"19\":{\"30\":{\"type\":\"instructionBlock\",\"enabled\":\"1\",\"fields\":{\"header\":\"Add a video.\",\"details\":\"<p>Likely the main reason you\\u2019re here.<\\/p>\\r\\n<ol><li>Click&nbsp;<strong>Upload<\\/strong>.<\\/li><li>Drag and drop your video, or select the file from your computer.<\\/li><li>Add details such as Video Type or Schedule Event.<\\/li><\\/ol>\",\"links\":\"<p><a href=\\\"https:\\/\\/www.hudl.com\\/support\\/v3\\/get-video-online\\/upload-video-from-a-computer\\/upload-from-a-computer1\\\" target=\\\"_blank\\\" rel=\\\"noreferrer noopener\\\">Learn more about uploading from a computer.<\\/a><\\/p>\",\"helperImage\":[\"26\"]}},\"29\":{\"type\":\"instructionBlock\",\"enabled\":\"1\",\"fields\":{\"header\":\"Comment on your video.\",\"details\":\"<p>Have a good (or bad) play you want to call out?<\\/p>\\r\\n<ol><li>Click&nbsp;<strong>Video<\\/strong>.<\\/li><li>Play the game you uploaded.<\\/li><li>Click&nbsp;<strong>Add a comment<\\/strong>&nbsp;and type away.<\\/li><li>Save the new clip to a playlist for later review.<\\/li><\\/ol>\",\"links\":\"<p><a href=\\\"https:\\/\\/www.hudl.com\\/support\\/v3\\/watch-and-manage-video\\/watch-and-manage-video\\/create-comments-and-drawings\\\" target=\\\"_blank\\\" rel=\\\"noreferrer noopener\\\">Learn more about adding comments and drawings.<\\/a><\\/p>\\r\\n<p><a href=\\\"https:\\/\\/www.hudl.com\\/support\\/v3\\/review-and-share-video\\/review-video\\/create-playlists-1\\\">Learn how to create a playlist with clips.<\\/a><\\/p>\",\"helperImage\":[\"25\"]}}},\"18\":[\"27\"]}}', '2017-12-11 23:11:38', '2017-12-11 23:11:38', 'd1fb5687-5c1c-4825-91f4-811d355f9d1b'),
 ('19', '28', '5', '1', 'en_us', '4', '', '{\"typeId\":\"10\",\"authorId\":\"1\",\"title\":\"Watch and Review Video\",\"slug\":\"watch-and-review-video\",\"postDate\":1513033560,\"expiryDate\":null,\"enabled\":1,\"parentId\":null,\"fields\":{\"17\":\"Once your video is uploaded, you can start adding comments and drawings, and save individual clips and playlists to share with the team.\",\"19\":{\"30\":{\"type\":\"block\",\"enabled\":\"1\",\"fields\":{\"header\":\"Add a video.\",\"details\":\"<p>Likely the main reason you\\u2019re here.<\\/p>\\r\\n<ol><li>Click&nbsp;<strong>Upload<\\/strong>.<\\/li><li>Drag and drop your video, or select the file from your computer.<\\/li><li>Add details such as Video Type or Schedule Event.<\\/li><\\/ol>\",\"links\":\"<p><a href=\\\"https:\\/\\/www.hudl.com\\/support\\/v3\\/get-video-online\\/upload-video-from-a-computer\\/upload-from-a-computer1\\\" target=\\\"_blank\\\" rel=\\\"noreferrer noopener\\\">Learn more about uploading from a computer.<\\/a><\\/p>\",\"helperImage\":[\"26\"]}},\"29\":{\"type\":\"block\",\"enabled\":\"1\",\"fields\":{\"header\":\"Comment on your video.\",\"details\":\"<p>Have a good (or bad) play you want to call out?<\\/p>\\r\\n<ol><li>Click&nbsp;<strong>Video<\\/strong>.<\\/li><li>Play the game you uploaded.<\\/li><li>Click&nbsp;<strong>Add a comment<\\/strong>&nbsp;and type away.<\\/li><li>Save the new clip to a playlist for later review.<\\/li><\\/ol>\",\"links\":\"<p><a href=\\\"https:\\/\\/www.hudl.com\\/support\\/v3\\/watch-and-manage-video\\/watch-and-manage-video\\/create-comments-and-drawings\\\" target=\\\"_blank\\\" rel=\\\"noreferrer noopener\\\">Learn more about adding comments and drawings.<\\/a>&lt;br&gt;<a href=\\\"https:\\/\\/www.hudl.com\\/support\\/v3\\/review-and-share-video\\/review-video\\/create-playlists-1\\\" style=\\\"background-color: initial;\\\">Learn how to create a playlist with clips.<\\/a><\\/p>\",\"helperImage\":[\"25\"]}}},\"18\":[\"27\"]}}', '2017-12-12 01:36:11', '2017-12-12 01:36:11', 'ae33aa1c-3aaa-4097-b961-46188c3bcfb2'),
 ('20', '28', '5', '1', 'en_us', '5', '', '{\"typeId\":\"10\",\"authorId\":\"1\",\"title\":\"Watch and Review Video\",\"slug\":\"watch-and-review-video\",\"postDate\":1513033560,\"expiryDate\":null,\"enabled\":1,\"parentId\":null,\"fields\":{\"17\":\"Once your video is uploaded, you can start adding comments and drawings, and save individual clips and playlists to share with the team.\",\"19\":{\"30\":{\"type\":\"block\",\"enabled\":\"1\",\"fields\":{\"header\":\"Add a video.\",\"details\":\"<p>Likely the main reason you\\u2019re here.<\\/p>\\r\\n<ol><li>Click&nbsp;<strong>Upload<\\/strong>.<\\/li><li>Drag and drop your video, or select the file from your computer.<\\/li><li>Add details such as Video Type or Schedule Event.<\\/li><\\/ol>\",\"links\":\"<p><a href=\\\"https:\\/\\/www.hudl.com\\/support\\/v3\\/get-video-online\\/upload-video-from-a-computer\\/upload-from-a-computer1\\\" target=\\\"_blank\\\" rel=\\\"noreferrer noopener\\\">Learn more about uploading from a computer.<\\/a><\\/p>\",\"helperImage\":[\"26\"]}},\"29\":{\"type\":\"block\",\"enabled\":\"1\",\"fields\":{\"header\":\"Comment on your video.\",\"details\":\"<p>Have a good (or bad) play you want to call out?<\\/p>\\r\\n<ol><li>Click&nbsp;<strong>Video<\\/strong>.<\\/li><li>Play the game you uploaded.<\\/li><li>Click&nbsp;<strong>Add a comment<\\/strong>&nbsp;and type away.<\\/li><li>Save the new clip to a playlist for later review.<\\/li><\\/ol>\",\"links\":\"<p><a href=\\\"https:\\/\\/www.hudl.com\\/support\\/v3\\/watch-and-manage-video\\/watch-and-manage-video\\/create-comments-and-drawings\\\" target=\\\"_blank\\\" rel=\\\"noreferrer noopener\\\">Learn more about adding comments and drawings.<\\/a><\\/p>\\r\\n<hr>\\r\\n<p><a href=\\\"https:\\/\\/www.hudl.com\\/support\\/v3\\/review-and-share-video\\/review-video\\/create-playlists-1\\\">Learn how to create a playlist with clips.<\\/a><\\/p>\",\"helperImage\":[\"25\"]}}},\"18\":[\"27\"]}}', '2017-12-12 01:38:34', '2017-12-12 01:38:34', '78d0560b-219a-4e86-92e2-5c8d7980bd32'),
 ('21', '33', '5', '1', 'en_us', '1', '', '{\"typeId\":null,\"authorId\":\"1\",\"title\":\"Get Started with Hudl\",\"slug\":\"get-started-with-hudl\",\"postDate\":1513105599,\"expiryDate\":null,\"enabled\":1,\"parentId\":null,\"fields\":{\"17\":\"New to Hudl and looking for a quick overview of what it\\u2019s all about? Get started in three easy steps.\",\"19\":{\"new1\":{\"type\":\"block\",\"enabled\":\"1\",\"fields\":{\"header\":\"Add a video.\",\"details\":\"<p>Likely the main reason you\\u2019re here.<\\/p>\\r\\n<ol><li>Click&nbsp;<b>Upload<\\/b>.<\\/li><li>Drag and drop your video, or select the file from your computer.<\\/li><li>Add details such as Video Type or Schedule Event.<\\/li><\\/ol><p><\\/p>\",\"links\":\"<p><a href=\\\"https:\\/\\/www.hudl.com\\/support\\/v3\\/get-video-online\\/upload-video-from-a-computer\\/upload-from-a-computer1\\\" target=\\\"_blank\\\">Learn more about uploading from a computer.<\\/a><\\/p>\",\"helperImage\":[\"26\"]}},\"new2\":{\"type\":\"block\",\"enabled\":\"1\",\"fields\":{\"header\":\"Comment on your video.\",\"details\":\"<p>Have a good (or bad) play you want to call out?<\\/p>\\r\\n<ol><li>Click&nbsp;<b>Video<\\/b>.<\\/li><li>Play the game you uploaded.<\\/li><li>Click&nbsp;<b>Add a comment<\\/b>&nbsp;and type away.<\\/li><li>Save the new clip to a playlist for later review.<\\/li><\\/ol>\",\"links\":\"<p><a href=\\\"https:\\/\\/www.hudl.com\\/support\\/v3\\/watch-and-manage-video\\/watch-and-manage-video\\/create-comments-and-drawings\\\" target=\\\"_blank\\\">Learn more about adding comments and drawings.<br><\\/a><a href=\\\"https:\\/\\/www.hudl.com\\/support\\/v3\\/review-and-share-video\\/review-video\\/create-playlists-1\\\">Learn how to create a playlist with clips.<\\/a><\\/p>\",\"helperImage\":[\"25\"]}},\"new3\":{\"type\":\"block\",\"enabled\":\"1\",\"fields\":{\"header\":\"Share video with another coach.\",\"details\":\"<p>Share the knowledge&mdash;and the workload. &nbsp;<\\/p>\\r\\n<ol><li>Hover over&nbsp;<b>Team<\\/b>&nbsp;and select&nbsp;<b>Manage Team<\\/b>.<\\/li><li>Fill out the necessary info and click&nbsp;<b>Save New Member<\\/b>.<\\/li><li>Click&nbsp;<b>Video<\\/b>&nbsp;to find the video you uploaded.<\\/li><li>Hover over the video and click Share.<\\/li><\\/ol><p><\\/p>\",\"links\":\"<p><a href=\\\"https:\\/\\/www.hudl.com\\/support\\/v3\\/team-management\\/coaches\\/add-coaches\\\" target=\\\"_blank\\\">Learn how to add your coaches.<br><\\/a><a href=\\\"https:\\/\\/www.hudl.com\\/support\\/v3\\/watch-and-manage-video\\/manage-video\\/share-your-video\\\" target=\\\"_blank\\\">Learn how to share your video.<\\/a><\\/p>\",\"helperImage\":[\"32\"]}}},\"18\":[\"27\"]}}', '2017-12-12 19:06:41', '2017-12-12 19:06:41', '82935502-03fe-457f-a1f2-80f5ae210328'),
 ('22', '28', '5', '1', 'en_us', '6', '', '{\"typeId\":\"10\",\"authorId\":\"1\",\"title\":\"Watch and Review Video\",\"slug\":\"watch-and-review-video\",\"postDate\":1513033560,\"expiryDate\":null,\"enabled\":1,\"parentId\":null,\"fields\":{\"17\":\"Once your video is uploaded, you can start adding comments and drawings, and save individual clips and playlists to share with the team.\",\"19\":{\"30\":{\"type\":\"block\",\"enabled\":\"1\",\"fields\":{\"header\":\"It all starts with clips.\",\"details\":\"<p>Create clips from scratch to indicate&nbsp;moments worth review.&nbsp;Save them to a new or existing playlist to reference in the future, or add them as highlights by clicking&nbsp;<img src=\\\"https:\\/\\/lh3.googleusercontent.com\\/qv2nbuWgROcx5WUN-23QNg8tUGCH_A4bkxJALXt0OHSmz389krDgY1iyYfOp2Wn0oIwhcymZFGBeKY6Syt3BRQnuOjyxUYS66N41hQn8Ect2CIQoIe2llQ40JCF5uskfqDoLJO0a\\\" width=\\\"22\\\" height=\\\"20\\\" style=\\\"box-sizing: border-box; border-width: initial; border-style: none; font-style: normal; font-variant-ligatures: normal; font-variant-caps: normal; font-weight: 400; font-size: 1rem; font-family: sans-serif; vertical-align: middle; max-width: 100%; color: rgba(19, 41, 63, 0.8); cursor: pointer; height: auto; background-color: initial; transform: rotate(0rad);\\\">&nbsp;.&nbsp;Clips are automatically created anytime&nbsp;a new comment or drawing is added.&nbsp;Use tags and&nbsp;reports to create stat-based clips to bring the numbers to life.<\\/p>\",\"links\":\"<p><a href=\\\"https:\\/\\/www.hudl.com\\/support\\/v3\\/watch-and-manage-video\\/watch-and-manage-video\\/create-clips\\\" target=\\\"_blank\\\">Learn more about creating clips.<br><\\/a><a href=\\\"https:\\/\\/www.hudl.com\\/blog\\/the-basics-it-all-starts-with-clips\\\">Use clips to build your video library.<\\/a><\\/p>\",\"helperImage\":[\"38\"]}},\"new1\":{\"type\":\"block\",\"enabled\":\"1\",\"fields\":{\"header\":\"Add comments and drawings.\",\"details\":\"<p>Bring lessons to life by adding comments and drawings to your video.&nbsp;Players and coaches can now reply to comments&nbsp;on the video,&nbsp;turning the&nbsp;comments into conversations.&nbsp;Use the arrows, spot shadows or freehand drawing tools to show athletes what needs to improve<\\/p>\",\"links\":\"<p><a href=\\\"https:\\/\\/www.hudl.com\\/support\\/v3\\/watch-and-manage-video\\/watch-and-manage-video\\/create-comments-and-drawings\\\" target=\\\"_blank\\\">Learn more about creating comments and drawings.<\\/a><\\/p>\",\"helperImage\":[\"40\"]}},\"new2\":{\"type\":\"block\",\"enabled\":\"1\",\"fields\":{\"header\":\"Create and share playlists.\",\"details\":\"<p>Clips are the building blocks of playlists. Once you create clips of key moments and add comments or drawings, click&nbsp;<img src=\\\"https:\\/\\/lh5.googleusercontent.com\\/ITmdZZej4fnbyupzdyYr-0X9eB8Oz1nMP9u_UtOX6ANaN31_XN34GPmLORrs96K8cFOBU-tfn8ZQjK8nc8PlxvVuc_93e0WyFGO5Lexgc09SojYpTiRtuqCO6JD8SMBqEwgB9yeH\\\" width=\\\"25\\\" height=\\\"25\\\" style=\\\"background-color: initial; box-sizing: border-box; border-width: initial; border-style: none; transform: rotate(0rad);\\\">to save them&nbsp;to a new or existing playlist. This gives you the option to create a single playlist featuring moments from multiple games.&nbsp;<\\/p>\\r\\n<p>Playlists can be shared with the whole team, custom groups or individuals. If other users need&nbsp;to edit playlists or add comments and drawings, change their sharing permissions at any time.<\\/p>\",\"links\":\"<p><a href=\\\"https:\\/\\/www.hudl.com\\/support\\/v3\\/watch-and-manage-video\\/watch-and-manage-video\\/create-playlists\\\" target=\\\"_blank\\\">Learn more about creating playlists.<\\/a><br><a href=\\\"https:\\/\\/www.hudl.com\\/support\\/v3\\/watch-and-manage-video\\/manage-video\\/share-your-video\\\" target=\\\"_blank\\\">Learn more about sharing playlists.<\\/a><\\/p>\",\"helperImage\":[\"42\"]}}},\"18\":[\"27\"]}}', '2017-12-12 19:22:50', '2017-12-12 19:22:50', '5722d7d2-97d9-41f2-96bc-2f479a257aa5'),
 ('23', '28', '5', '1', 'en_us', '7', '', '{\"typeId\":\"10\",\"authorId\":\"1\",\"title\":\"Watch and Review Video\",\"slug\":\"watch-and-review-video\",\"postDate\":1513033560,\"expiryDate\":null,\"enabled\":1,\"parentId\":null,\"fields\":{\"17\":\"Once your video is uploaded, you can start adding comments and drawings, and save individual clips and playlists to share with the team.\",\"19\":{\"30\":{\"type\":\"block\",\"enabled\":\"1\",\"fields\":{\"header\":\"It all starts with clips.\",\"details\":\"<p>Create clips from scratch to indicate&nbsp;moments worth review.&nbsp;Save them to a new or existing playlist to reference in the future, or add them as highlights by clicking&nbsp;<img src=\\\"https:\\/\\/lh3.googleusercontent.com\\/qv2nbuWgROcx5WUN-23QNg8tUGCH_A4bkxJALXt0OHSmz389krDgY1iyYfOp2Wn0oIwhcymZFGBeKY6Syt3BRQnuOjyxUYS66N41hQn8Ect2CIQoIe2llQ40JCF5uskfqDoLJO0a\\\" width=\\\"22\\\" height=\\\"20\\\" style=\\\"border-style:none;font-style:normal;font-weight:400;font-family:sans-serif;vertical-align:middle;color:rgba(19,41,63,.8);height:auto;\\\" alt=\\\"qv2nbuWgROcx5WUN-23QNg8tUGCH_A4bkxJALXt0OHSmz389krDgY1iyYfOp2Wn0oIwhcymZFGBeKY6Syt3BRQnuOjyxUYS66N41hQn8Ect2CIQoIe2llQ40JCF5uskfqDoLJO0a\\\">&nbsp;.&nbsp;Clips are automatically created anytime&nbsp;a new comment or drawing is added.&nbsp;Use tags and&nbsp;reports to create stat-based clips to bring the numbers to life.<\\/p>\",\"links\":\"<p><a href=\\\"https:\\/\\/www.hudl.com\\/support\\/v3\\/watch-and-manage-video\\/watch-and-manage-video\\/create-clips\\\" target=\\\"_blank\\\" rel=\\\"noreferrer noopener\\\">Learn more about creating clips.<br><\\/a><a href=\\\"https:\\/\\/www.hudl.com\\/blog\\/the-basics-it-all-starts-with-clips\\\">Use clips to build your video library.<\\/a><\\/p>\",\"helperImage\":\"\",\"videoFile\":[\"38\"]}},\"43\":{\"type\":\"block\",\"enabled\":\"1\",\"fields\":{\"header\":\"Add comments and drawings.\",\"details\":\"<p>Bring lessons to life by adding comments and drawings to your video.&nbsp;Players and coaches can now reply to comments&nbsp;on the video,&nbsp;turning the&nbsp;comments into conversations.&nbsp;Use the arrows, spot shadows or freehand drawing tools to show athletes what needs to improve<\\/p>\",\"links\":\"<p><a href=\\\"https:\\/\\/www.hudl.com\\/support\\/v3\\/watch-and-manage-video\\/watch-and-manage-video\\/create-comments-and-drawings\\\" target=\\\"_blank\\\" rel=\\\"noreferrer noopener\\\">Learn more about creating comments and drawings.<\\/a><\\/p>\",\"helperImage\":[\"40\"],\"videoFile\":\"\"}},\"44\":{\"type\":\"block\",\"enabled\":\"1\",\"fields\":{\"header\":\"Create and share playlists.\",\"details\":\"<p>Clips are the building blocks of playlists. Once you create clips of key moments and add comments or drawings, click&nbsp;<img src=\\\"https:\\/\\/lh5.googleusercontent.com\\/ITmdZZej4fnbyupzdyYr-0X9eB8Oz1nMP9u_UtOX6ANaN31_XN34GPmLORrs96K8cFOBU-tfn8ZQjK8nc8PlxvVuc_93e0WyFGO5Lexgc09SojYpTiRtuqCO6JD8SMBqEwgB9yeH\\\" width=\\\"25\\\" height=\\\"25\\\" style=\\\"border-style:none;\\\" alt=\\\"ITmdZZej4fnbyupzdyYr-0X9eB8Oz1nMP9u_UtOX6ANaN31_XN34GPmLORrs96K8cFOBU-tfn8ZQjK8nc8PlxvVuc_93e0WyFGO5Lexgc09SojYpTiRtuqCO6JD8SMBqEwgB9yeH\\\">to save them&nbsp;to a new or existing playlist. This gives you the option to create a single playlist featuring moments from multiple games.&nbsp;<\\/p>\\r\\n<p>Playlists can be shared with the whole team, custom groups or individuals. If other users need&nbsp;to edit playlists or add comments and drawings, change their sharing permissions at any time.<\\/p>\",\"links\":\"<p><a href=\\\"https:\\/\\/www.hudl.com\\/support\\/v3\\/watch-and-manage-video\\/watch-and-manage-video\\/create-playlists\\\" target=\\\"_blank\\\" rel=\\\"noreferrer noopener\\\">Learn more about creating playlists.<\\/a><br><a href=\\\"https:\\/\\/www.hudl.com\\/support\\/v3\\/watch-and-manage-video\\/manage-video\\/share-your-video\\\" target=\\\"_blank\\\" rel=\\\"noreferrer noopener\\\">Learn more about sharing playlists.<\\/a><\\/p>\",\"helperImage\":[\"42\"],\"videoFile\":\"\"}}},\"18\":[\"27\"]}}', '2017-12-12 19:39:24', '2017-12-12 19:39:24', 'c637d0d9-6a8a-45e7-9a4f-be919d7515e9'),
 ('24', '52', '5', '1', 'en_us', '1', '', '{\"typeId\":null,\"authorId\":\"1\",\"title\":\"Upload and Exchange Video\",\"slug\":\"upload-and-exchange-video\",\"postDate\":1513385275,\"expiryDate\":null,\"enabled\":1,\"parentId\":null,\"fields\":{\"17\":\"Find the best fit for video uploads and learn how to exchange video with teams both on and off Hudl.\",\"19\":{\"new1\":{\"type\":\"block\",\"enabled\":\"1\",\"fields\":{\"header\":\"Add video from a mobile device.\",\"details\":\"<p>When you record with an&nbsp;iPad, you\'re able to upload&nbsp;as the game is happening, allowing you to watch the video as soon as the bus ride home. Even if you don\'t have access to&nbsp;Wi-Fi, you can still record the game and easily upload when you get a connection. It\\u2019s the simplest way to get video on Hudl.<\\/p>\\r\\n<ol><li>Use the Hudl&nbsp;app on an iPad or iPhone to record.<\\/li><li>Select the camera icon&nbsp;from the menu or home page and start recording.<\\/li><li>Connect to Wi-Fi as you record to upload the video live. (If you don\\u2019t have access to Wi-Fi, you can always upload later.)<\\/li><li>Add details such as video title and type, then select or create a schedule entry.<\\/li><\\/ol>\",\"links\":\"<p><a href=\\\"https:\\/\\/www.hudl.com\\/support\\/v3\\/get-video-online\\/record-from-a-mobile-device\\/record-and-upload-from-mobile\\\" target=\\\"_blank\\\">Learn more about uploading from an iPad or iPhone.<\\/a><\\/p>\",\"helperImage\":[\"49\"],\"videoFile\":\"\"}},\"new2\":{\"type\":\"block\",\"enabled\":\"1\",\"fields\":{\"header\":\"Add video from a computer.\",\"details\":\"<p>If you prefer recording with your existing camera, that\\u2019s no problem.&nbsp;Hard drive cameras, especially those that record in&nbsp;HD, are great. When you\\u2019re done recording, just connect the camera to your computer and get that video&nbsp;uploaded to Hudl. (To super simplify the process, pop out the camera\\u2019s&nbsp;SD&nbsp;card and plug that in&nbsp;instead.)<\\/p>\\r\\n<ol><li>Click&nbsp;<b>Upload<\\/b>.<\\/li><li>Drag and drop your video into the browser, or select the file from your computer.<\\/li><li>Add details such as video title and type, then select or create a schedule entry.<\\/li><\\/ol>\",\"links\":\"<p><a href=\\\"https:\\/\\/www.hudl.com\\/support\\/v3\\/get-video-online\\/upload-video-from-a-computer\\/upload-from-a-computer1\\\" target=\\\"_blank\\\">Learn more about uploading from a camera.<\\/a><\\/p>\",\"helperImage\":[\"50\"],\"videoFile\":\"\"}},\"new3\":{\"type\":\"block\",\"enabled\":\"1\",\"fields\":{\"header\":\"Exchange your video with other teams.\",\"details\":\"<p>Gone are the days of driving across state to exchange games with your upcoming opponents. With the click of a button you are able to send video to teams on Hudl. Play an opponent who doesn\\u2019t have Hudl? Download your video and you\\u2019ll receive an email with a link to forward on.<\\/p>\\r\\n<p><b>Pro Tip<\\/b>: If you\\u2019re listed as a coach and not a team administrator on Hudl, you won\\u2019t see Exchanges on your Hudl account. Reach out to a team administrator to exchange the video or to give you access.<\\/p>\",\"links\":\"<p><a href=\\\"https:\\/\\/www.hudl.com\\/support\\/v3\\/review-and-share-video\\/share-video\\/exchange-video-with-a-hudl-team\\\">Learn how to exchange video with Hudl teams.<\\/a><br><a href=\\\"https:\\/\\/www.hudl.com\\/support\\/v3\\/review-and-share-video\\/share-video\\/share-video-with-a-non-hudl-team\\\">Learn how to download your video to exchange with non-Hudl teams.<\\/a><\\/p>\",\"helperImage\":[\"51\"],\"videoFile\":\"\"}}},\"18\":[\"45\"]}}', '2017-12-16 00:47:59', '2017-12-16 00:47:59', '6e0fab21-0ce2-4640-a49b-0009335d950e'),
 ('25', '52', '5', '1', 'en_us', '2', '', '{\"typeId\":\"10\",\"authorId\":\"1\",\"title\":\"Upload and Exchange Video\",\"slug\":\"upload-and-exchange-video\",\"postDate\":1513385220,\"expiryDate\":null,\"enabled\":1,\"parentId\":null,\"fields\":{\"17\":\"Find the best fit for video uploads and learn how to exchange video with teams both on and off Hudl.\",\"19\":{\"53\":{\"type\":\"block\",\"enabled\":\"1\",\"fields\":{\"header\":\"Add video from a mobile device.\",\"details\":\"<p>When you record with an&nbsp;iPad, you\'re able to upload&nbsp;as the game is happening, allowing you to watch the video as soon as the bus ride home. Even if you don\'t have access to&nbsp;Wi-Fi, you can still record the game and easily upload when you get a connection. It\\u2019s the simplest way to get video on Hudl.<\\/p>\\r\\n<ol><li>Use the Hudl&nbsp;app on an iPad or iPhone to record.<\\/li><li>Select the camera icon&nbsp;from the menu or home page and start recording.<\\/li><li>Connect to Wi-Fi as you record to upload the video live. (If you don\\u2019t have access to Wi-Fi, you can always upload later.)<\\/li><li>Add details such as video title and type, then select or create a schedule entry.<\\/li><\\/ol>\",\"links\":\"<p><a href=\\\"https:\\/\\/www.hudl.com\\/support\\/v3\\/get-video-online\\/record-from-a-mobile-device\\/record-and-upload-from-mobile\\\" target=\\\"_blank\\\" rel=\\\"noreferrer noopener\\\">Learn more about uploading from an iPad or iPhone.<\\/a><\\/p>\",\"helperImage\":[\"49\"],\"videoFile\":\"\"}},\"54\":{\"type\":\"block\",\"enabled\":\"1\",\"fields\":{\"header\":\"Add video from a computer.\",\"details\":\"<p>If you prefer recording with your existing camera, that\\u2019s no problem.&nbsp;Hard drive cameras, especially those that record in&nbsp;HD, are great. When you\\u2019re done recording, just connect the camera to your computer and get that video&nbsp;uploaded to Hudl. (To super simplify the process, pop out the camera\\u2019s&nbsp;SD&nbsp;card and plug that in&nbsp;instead.)<\\/p>\\r\\n<ol><li>Click&nbsp;<strong>Upload<\\/strong>.<\\/li><li>Drag and drop your video into the browser, or select the file from your computer.<\\/li><li>Add details such as video title and type, then select or create a schedule entry.<\\/li><\\/ol>\",\"links\":\"<p><a href=\\\"https:\\/\\/www.hudl.com\\/support\\/v3\\/get-video-online\\/upload-video-from-a-computer\\/upload-from-a-computer1\\\" target=\\\"_blank\\\" rel=\\\"noreferrer noopener\\\">Learn more about uploading from a camera.<\\/a><\\/p>\",\"helperImage\":[\"50\"],\"videoFile\":\"\"}},\"55\":{\"type\":\"block\",\"enabled\":\"1\",\"fields\":{\"header\":\"Exchange your video with other teams.\",\"details\":\"<p>Gone are the days of driving across state to exchange games with your upcoming opponents. With the click of a button you are able to send video to teams on Hudl. Play an opponent who doesn\\u2019t have Hudl? Download your video and you\\u2019ll receive an email with a link to forward on.<\\/p>\\r\\n<p><strong>Pro Tip<\\/strong>: If you\\u2019re listed as a coach and not a team administrator on Hudl, you won\\u2019t see Exchanges on your Hudl account. Reach out to a team administrator to exchange the video or to give you access.<\\/p>\",\"links\":\"<p><a href=\\\"https:\\/\\/www.hudl.com\\/support\\/v3\\/review-and-share-video\\/share-video\\/exchange-video-with-a-hudl-team\\\">Learn how to exchange video with Hudl teams.<\\/a><br><a href=\\\"https:\\/\\/www.hudl.com\\/support\\/v3\\/review-and-share-video\\/share-video\\/share-video-with-a-non-hudl-team\\\">Learn how to download your video to exchange with non-Hudl teams.<\\/a><\\/p>\",\"helperImage\":[\"51\"],\"videoFile\":\"\"}}},\"25\":\"2\",\"18\":[\"45\"]}}', '2017-12-16 00:52:41', '2017-12-16 00:52:41', '11d5e986-13c0-4cbd-bc1a-8805c68d7997'),
 ('26', '33', '5', '1', 'en_us', '2', '', '{\"typeId\":\"10\",\"authorId\":\"1\",\"title\":\"Get Started with Hudl\",\"slug\":\"get-started-with-hudl\",\"postDate\":1513105560,\"expiryDate\":null,\"enabled\":1,\"parentId\":null,\"fields\":{\"17\":\"New to Hudl and looking for a quick overview of what it\\u2019s all about? Get started in three easy steps.\",\"19\":{\"34\":{\"type\":\"block\",\"enabled\":\"1\",\"fields\":{\"header\":\"Add a video.\",\"details\":\"<p>Likely the main reason you\\u2019re here.<\\/p>\\r\\n<ol><li>Click&nbsp;<strong>Upload<\\/strong>.<\\/li><li>Drag and drop your video, or select the file from your computer.<\\/li><li>Add details such as Video Type or Schedule Event.<\\/li><\\/ol>\",\"links\":\"<p><a href=\\\"https:\\/\\/www.hudl.com\\/support\\/v3\\/get-video-online\\/upload-video-from-a-computer\\/upload-from-a-computer1\\\" target=\\\"_blank\\\" rel=\\\"noreferrer noopener\\\">Learn more about uploading from a computer.<\\/a><\\/p>\",\"helperImage\":[\"26\"],\"videoFile\":\"\"}},\"35\":{\"type\":\"block\",\"enabled\":\"1\",\"fields\":{\"header\":\"Comment on your video.\",\"details\":\"<p>Have a good (or bad) play you want to call out?<\\/p>\\r\\n<ol><li>Click&nbsp;<strong>Video<\\/strong>.<\\/li><li>Play the game you uploaded.<\\/li><li>Click&nbsp;<strong>Add a comment<\\/strong>&nbsp;and type away.<\\/li><li>Save the new clip to a playlist for later review.<\\/li><\\/ol>\",\"links\":\"<p><a href=\\\"https:\\/\\/www.hudl.com\\/support\\/v3\\/watch-and-manage-video\\/watch-and-manage-video\\/create-comments-and-drawings\\\" target=\\\"_blank\\\" rel=\\\"noreferrer noopener\\\">Learn more about adding comments and drawings.<br><\\/a><a href=\\\"https:\\/\\/www.hudl.com\\/support\\/v3\\/review-and-share-video\\/review-video\\/create-playlists-1\\\">Learn how to create a playlist with clips.<\\/a><\\/p>\",\"helperImage\":[\"25\"],\"videoFile\":\"\"}},\"36\":{\"type\":\"block\",\"enabled\":\"1\",\"fields\":{\"header\":\"Share video with another coach.\",\"details\":\"<p>Share the knowledge&mdash;and the workload. &nbsp;<\\/p>\\r\\n<ol><li>Hover over&nbsp;<strong>Team<\\/strong>&nbsp;and select&nbsp;<strong>Manage Team<\\/strong>.<\\/li><li>Fill out the necessary info and click&nbsp;<strong>Save New Member<\\/strong>.<\\/li><li>Click&nbsp;<strong>Video<\\/strong>&nbsp;to find the video you uploaded.<\\/li><li>Hover over the video and click Share.<\\/li><\\/ol>\",\"links\":\"<p><a href=\\\"https:\\/\\/www.hudl.com\\/support\\/v3\\/team-management\\/coaches\\/add-coaches\\\" target=\\\"_blank\\\" rel=\\\"noreferrer noopener\\\">Learn how to add your coaches.<br><\\/a><a href=\\\"https:\\/\\/www.hudl.com\\/support\\/v3\\/watch-and-manage-video\\/manage-video\\/share-your-video\\\" target=\\\"_blank\\\" rel=\\\"noreferrer noopener\\\">Learn how to share your video.<\\/a><\\/p>\",\"helperImage\":[\"32\"],\"videoFile\":\"\"}}},\"25\":\"1\",\"18\":[\"27\"]}}', '2017-12-16 00:56:57', '2017-12-16 00:56:57', '5a73faf8-6c30-45ba-be10-56f5cb2466d4'),
 ('27', '28', '5', '1', 'en_us', '8', '', '{\"typeId\":\"10\",\"authorId\":\"1\",\"title\":\"Watch and Review Video\",\"slug\":\"watch-and-review-video\",\"postDate\":1513033560,\"expiryDate\":null,\"enabled\":1,\"parentId\":null,\"fields\":{\"17\":\"Once your video is uploaded, you can start adding comments and drawings, and save individual clips and playlists to share with the team.\",\"19\":{\"30\":{\"type\":\"block\",\"enabled\":\"1\",\"fields\":{\"header\":\"It all starts with clips.\",\"details\":\"<p>Create clips from scratch to indicate&nbsp;moments worth review.&nbsp;Save them to a new or existing playlist to reference in the future, or add them as highlights by clicking&nbsp;<img src=\\\"https:\\/\\/lh3.googleusercontent.com\\/qv2nbuWgROcx5WUN-23QNg8tUGCH_A4bkxJALXt0OHSmz389krDgY1iyYfOp2Wn0oIwhcymZFGBeKY6Syt3BRQnuOjyxUYS66N41hQn8Ect2CIQoIe2llQ40JCF5uskfqDoLJO0a\\\" width=\\\"22\\\" height=\\\"20\\\" style=\\\"border-style:none;font-style:normal;font-weight:400;font-family:sans-serif;vertical-align:middle;color:rgba(19,41,63,.8);height:auto;\\\" alt=\\\"qv2nbuWgROcx5WUN-23QNg8tUGCH_A4bkxJALXt0OHSmz389krDgY1iyYfOp2Wn0oIwhcymZFGBeKY6Syt3BRQnuOjyxUYS66N41hQn8Ect2CIQoIe2llQ40JCF5uskfqDoLJO0a\\\">&nbsp;.&nbsp;Clips are automatically created anytime&nbsp;a new comment or drawing is added.&nbsp;Use tags and&nbsp;reports to create stat-based clips to bring the numbers to life.<\\/p>\",\"links\":\"<p><a href=\\\"https:\\/\\/www.hudl.com\\/support\\/v3\\/watch-and-manage-video\\/watch-and-manage-video\\/create-clips\\\" target=\\\"_blank\\\" rel=\\\"noreferrer noopener\\\">Learn more about creating clips.<br><\\/a><a href=\\\"https:\\/\\/www.hudl.com\\/blog\\/the-basics-it-all-starts-with-clips\\\">Use clips to build your video library.<\\/a><\\/p>\",\"helperImage\":\"\",\"videoFile\":[\"38\"]}},\"43\":{\"type\":\"block\",\"enabled\":\"1\",\"fields\":{\"header\":\"Add comments and drawings.\",\"details\":\"<p>Bring lessons to life by adding comments and drawings to your video.&nbsp;Players and coaches can now reply to comments&nbsp;on the video,&nbsp;turning the&nbsp;comments into conversations.&nbsp;Use the arrows, spot shadows or freehand drawing tools to show athletes what needs to improve<\\/p>\",\"links\":\"<p><a href=\\\"https:\\/\\/www.hudl.com\\/support\\/v3\\/watch-and-manage-video\\/watch-and-manage-video\\/create-comments-and-drawings\\\" target=\\\"_blank\\\" rel=\\\"noreferrer noopener\\\">Learn more about creating comments and drawings.<\\/a><\\/p>\",\"helperImage\":[\"40\"],\"videoFile\":\"\"}},\"44\":{\"type\":\"block\",\"enabled\":\"1\",\"fields\":{\"header\":\"Create and share playlists.\",\"details\":\"<p>Clips are the building blocks of playlists. Once you create clips of key moments and add comments or drawings, click&nbsp;<img src=\\\"https:\\/\\/lh5.googleusercontent.com\\/ITmdZZej4fnbyupzdyYr-0X9eB8Oz1nMP9u_UtOX6ANaN31_XN34GPmLORrs96K8cFOBU-tfn8ZQjK8nc8PlxvVuc_93e0WyFGO5Lexgc09SojYpTiRtuqCO6JD8SMBqEwgB9yeH\\\" width=\\\"25\\\" height=\\\"25\\\" style=\\\"border-style:none;\\\" alt=\\\"ITmdZZej4fnbyupzdyYr-0X9eB8Oz1nMP9u_UtOX6ANaN31_XN34GPmLORrs96K8cFOBU-tfn8ZQjK8nc8PlxvVuc_93e0WyFGO5Lexgc09SojYpTiRtuqCO6JD8SMBqEwgB9yeH\\\">to save them&nbsp;to a new or existing playlist. This gives you the option to create a single playlist featuring moments from multiple games.&nbsp;<\\/p>\\r\\n<p>Playlists can be shared with the whole team, custom groups or individuals. If other users need&nbsp;to edit playlists or add comments and drawings, change their sharing permissions at any time.<\\/p>\",\"links\":\"<p><a href=\\\"https:\\/\\/www.hudl.com\\/support\\/v3\\/watch-and-manage-video\\/watch-and-manage-video\\/create-playlists\\\" target=\\\"_blank\\\" rel=\\\"noreferrer noopener\\\">Learn more about creating playlists.<\\/a><br><a href=\\\"https:\\/\\/www.hudl.com\\/support\\/v3\\/watch-and-manage-video\\/manage-video\\/share-your-video\\\" target=\\\"_blank\\\" rel=\\\"noreferrer noopener\\\">Learn more about sharing playlists.<\\/a><\\/p>\",\"helperImage\":[\"42\"],\"videoFile\":\"\"}}},\"25\":\"3\",\"18\":[\"27\"]}}', '2017-12-16 00:57:20', '2017-12-16 00:57:20', '20a2cb2c-d98e-4710-868e-77b1ffe1495b'),
 ('28', '63', '5', '1', 'en_us', '1', '', '{\"typeId\":null,\"authorId\":\"1\",\"title\":\"Get Your Team Involved\",\"slug\":\"get-your-team-involved\",\"postDate\":1513453268,\"expiryDate\":null,\"enabled\":1,\"parentId\":null,\"fields\":{\"17\":\"Help your team get the most out of Hudl by adding your coaches and athletes to the account. Share video, coaching points and your schedule to take your team to the next level.\",\"19\":{\"new1\":{\"type\":\"block\",\"enabled\":\"1\",\"fields\":{\"header\":\"Add your schedule.\",\"details\":\"<p>Keep your team in the know by adding your season schedule to Hudl. Adding your schedule also makes it easier to organize your video &mdash; choose a&nbsp;Schedule Event under Video Details when uploading.<\\/p>\",\"links\":\"<p><a href=\\\"https:\\/\\/www.hudl.com\\/support\\/v3\\/team-management\\/schedule\\/add-a-season-1\\\" target=\\\"_blank\\\">Create a new season to get started.<\\/a><br><a href=\\\"https:\\/\\/www.hudl.com\\/support\\/v3\\/team-management\\/schedule\\/add-events\\\" target=\\\"_blank\\\">Learn how to add events to your schedule.<\\/a><\\/p>\",\"helperImage\":[\"60\"],\"videoFile\":\"\"}},\"new2\":{\"type\":\"block\",\"enabled\":\"1\",\"fields\":{\"header\":\"Add your coaches and athletes.\",\"details\":\"<p>Give your coaches access to Hudl and allow them to update the roster, add video to the account or exchange games with your opponents.<\\/p>\\r\\n<p>Add your athletes to Hudl so they can see video and coaching points to help them learn from their mistakes. With access to video editing tools, athletes can create highlights to share with family, friends and recruiters.&nbsp;<\\/p>\",\"links\":\"<p><a href=\\\"https:\\/\\/www.hudl.com\\/support\\/v3\\/team-management\\/coaches\\/add-coaches\\\" target=\\\"_blank\\\">Learn how to add your coaches.<br><\\/a><a href=\\\"https:\\/\\/www.hudl.com\\/support\\/v3\\/team-management\\/athletes\\/add-athletes\\\" target=\\\"_blank\\\">Learn how to add your athletes.<\\/a><\\/p>\",\"helperImage\":[\"61\"],\"videoFile\":\"\"}},\"new3\":{\"type\":\"block\",\"enabled\":\"1\",\"fields\":{\"header\":\"Send messages and share video.\",\"details\":\"<p>Keep the team organized and in the know by sending messages in the Hudl app or on Hudl.com &mdash; recipients will get a notification of your message on their devices.<\\/p>\\r\\n<p>You can share video with individual athletes or coaches, or custom groups.<\\/p>\",\"links\":\"<p><a href=\\\"https:\\/\\/www.hudl.com\\/support\\/v3\\/review-and-share-video\\/share-video\\/share-your-video\\\" target=\\\"_blank\\\">Learn how to share video and set video permissions.<\\/a><br><a href=\\\"https:\\/\\/www.hudl.com\\/support\\/v3\\/team-management\\/messaging\\/send-messages\\\" target=\\\"_blank\\\">Learn how to message your team.<\\/a><\\/p>\",\"helperImage\":[\"62\"],\"videoFile\":\"\"}}},\"25\":\"3\",\"18\":[\"59\"]}}', '2017-12-16 19:41:10', '2017-12-16 19:41:10', '3bcef0fd-1bf3-4373-984f-63206db3643b'),
 ('29', '77', '5', '1', 'en_us', '1', '', '{\"typeId\":null,\"authorId\":\"1\",\"title\":\"Hudl Assist\",\"slug\":\"hudl-assist\",\"postDate\":1513453680,\"expiryDate\":null,\"enabled\":1,\"parentId\":null,\"fields\":{\"17\":\"Take a deeper look at the data you receive with Hudl Assist\\u2014plus tips and tricks to help uncover insights.\",\"19\":{\"new1\":{\"type\":\"block\",\"enabled\":\"1\",\"fields\":{\"header\":\"Record like the pros.\",\"details\":\"<p>When you send games to Hudl Assist, we want to make sure you receive the best breakdowns. But our analysts can\\u2019t tag what they can\\u2019t see. That\\u2019s why it\\u2019s important to follow a few guidelines when it comes to recording your games. Record in HD, take shots of the scoreboard throughout the game\\u2013or just check out our full list of recording tips before your game.<\\/p>\",\"links\":\"<p><a href=\\\"https:\\/\\/www.hudl.com\\/support\\/v3\\/breakdown-stats-and-reports\\/tag-games\\/tag-video-after-the-game\\\" class=\\\"sport\\\" target=\\\"_blank\\\" rel=\\\"noreferrer noopener\\\"><img src=\\\"https:\\/\\/static.hudl.com\\/craft\\/icons\\/sport-svgs\\/basketball-dark-32.svg\\\" style=\\\"vertical-align:middle;height:auto;\\\" alt=\\\"basketball-dark-32.svg\\\"><\\/a>&nbsp;<a href=\\\"https:\\/\\/www.hudl.com\\/support\\/v3\\/breakdown-stats-and-reports\\/hudl-assist\\/basketball-recommended-recording-workflow\\\" target=\\\"_blank\\\" rel=\\\"noreferrer noopener\\\">Basketball<\\/a>&nbsp;|&nbsp;<a href=\\\"https:\\/\\/www.hudl.com\\/support\\/v3\\/breakdown-stats-and-reports\\/tag-games\\/tag-video-after-the-match-soccer\\\" class=\\\"sport\\\" target=\\\"_blank\\\" rel=\\\"noreferrer noopener\\\"><img src=\\\"https:\\/\\/static.hudl.com\\/craft\\/icons\\/sport-svgs\\/soccer-dark-32.svg\\\" style=\\\"vertical-align:middle;height:auto;\\\" alt=\\\"soccer-dark-32.svg\\\"><\\/a>&nbsp;<a href=\\\"https:\\/\\/www.hudl.com\\/support\\/v3\\/breakdown-stats-and-reports\\/hudl-assist\\/soccer-recommended-recording-workflow\\\" target=\\\"_blank\\\" rel=\\\"noreferrer noopener\\\">Soccer<\\/a>&nbsp;|&nbsp;<a href=\\\"https:\\/\\/www.hudl.com\\/support\\/v3\\/breakdown-stats-and-reports\\/tag-games\\/tag-video-after-the-match-vb\\\" class=\\\"sport\\\" target=\\\"_blank\\\" rel=\\\"noreferrer noopener\\\"><img src=\\\"https:\\/\\/static.hudl.com\\/craft\\/icons\\/sport-svgs\\/volleyball-dark-32.svg\\\" style=\\\"vertical-align:middle;height:auto;\\\" alt=\\\"volleyball-dark-32.svg\\\"><\\/a>&nbsp;<a href=\\\"https:\\/\\/www.hudl.com\\/support\\/v3\\/breakdown-stats-and-reports\\/hudl-assist\\/volleyball-recommended-recording-workflow\\\" target=\\\"_blank\\\" rel=\\\"noreferrer noopener\\\">Volleyball<\\/a>&nbsp;<\\/p>\",\"helperImage\":[\"72\"],\"videoFile\":\"\"}},\"new2\":{\"type\":\"block\",\"enabled\":\"1\",\"fields\":{\"header\":\"Submit your games to Hudl Assist.\",\"details\":\"<p>Once you\\u2019ve uploaded your game or received video from opponents, send it off to our analysts to be broken down.<\\/p>\\r\\n<ol><li>Select one or more videos in your library and click Send to Assist. If it\\u2019s an opponent scout video, select which team should be scouted as offense.<\\/li><li>Add jersey colors for each team.<\\/li><li>Leave a note for the analyst if there are missing clips or recording errors\\u2013any additional information that\\u2019ll help our analysts accurately break down the video.<\\/li><li>Once your breakdown is complete, you\\u2019ll receive an email from our analysts.<\\/li><\\/ol>\",\"links\":\"<p><a href=\\\"https:\\/\\/www.hudl.com\\/support\\/v3\\/breakdown-stats-and-reports\\/hudl-assist\\/submit-a-game-to-hudl-assist\\\">Learn how to submit games to Assist.<\\/a><\\/p>\",\"helperImage\":[\"73\"],\"videoFile\":\"\"}},\"new3\":{\"type\":\"block\",\"enabled\":\"1\",\"fields\":{\"header\":\"Learn more about the data you receive.\",\"details\":\"<p>Curious what information you\\u2019ll receive from Hudl Assist? Take a deeper look at how our analysts break down your video.<\\/p>\",\"links\":\"<p><a href=\\\"https:\\/\\/www.hudl.com\\/support\\/v3\\/breakdown-stats-and-reports\\/tag-games\\/tag-video-after-the-game\\\" class=\\\"sport\\\" target=\\\"_blank\\\" rel=\\\"noreferrer noopener\\\"><img src=\\\"https:\\/\\/static.hudl.com\\/craft\\/icons\\/sport-svgs\\/basketball-dark-32.svg\\\" style=\\\"vertical-align:middle;height:auto;\\\" alt=\\\"basketball-dark-32.svg\\\"><\\/a>&nbsp;<a href=\\\"https:\\/\\/www.hudl.com\\/support\\/v3\\/breakdown-stats-and-reports\\/hudl-assist\\/basketball-hudl-assist-stats\\\" target=\\\"_blank\\\" rel=\\\"noreferrer noopener\\\">Basketball<\\/a>&nbsp;|&nbsp;<a href=\\\"https:\\/\\/www.hudl.com\\/support\\/v3\\/breakdown-stats-and-reports\\/tag-games\\/tag-video-after-the-match-soccer\\\" class=\\\"sport\\\" target=\\\"_blank\\\" rel=\\\"noreferrer noopener\\\"><img src=\\\"https:\\/\\/static.hudl.com\\/craft\\/icons\\/sport-svgs\\/soccer-dark-32.svg\\\" style=\\\"vertical-align:middle;height:auto;\\\" alt=\\\"soccer-dark-32.svg\\\"><\\/a>&nbsp;<a href=\\\"https:\\/\\/www.hudl.com\\/support\\/v3\\/breakdown-stats-and-reports\\/hudl-assist\\/soccer-hudl-assist-stats\\\" target=\\\"_blank\\\" rel=\\\"noreferrer noopener\\\">Soccer<\\/a>&nbsp;<\\/p>\",\"helperImage\":[\"74\"],\"videoFile\":\"\"}},\"new4\":{\"type\":\"block\",\"enabled\":\"1\",\"fields\":{\"header\":\"Discover the difference that Hudl Assist can make for your team.\",\"details\":\"<p>Time is your most valuable asset in coaching\\u2013and in life. And that\\u2019s the difference that Hudl Assist can make for you and your team. Reinvest your time where it matters most, whether you spend your spare time with your family, have more time with your team or focus your energy on analyzing the data rather than entering it.<\\/p>\",\"links\":\"<p><a href=\\\"https:\\/\\/www.hudl.com\\/support\\/v3\\/breakdown-stats-and-reports\\/tag-games\\/tag-video-after-the-game\\\" class=\\\"sport\\\" target=\\\"_blank\\\" rel=\\\"noreferrer noopener\\\"><img src=\\\"https:\\/\\/static.hudl.com\\/craft\\/icons\\/sport-svgs\\/basketball-dark-32.svg\\\" alt=\\\"basketball-dark-32.svg\\\"><\\/a>&nbsp;<a href=\\\"https:\\/\\/www.hudl.com\\/blog\\/more-insights-with-less-work-thats-the-power-of-assist\\\" target=\\\"_blank\\\" rel=\\\"noreferrer noopener\\\">Basketball<\\/a>&nbsp;|&nbsp;<a href=\\\"https:\\/\\/www.hudl.com\\/support\\/v3\\/breakdown-stats-and-reports\\/tag-games\\/tag-video-after-the-match-soccer\\\" class=\\\"sport\\\" target=\\\"_blank\\\" rel=\\\"noreferrer noopener\\\"><img src=\\\"https:\\/\\/static.hudl.com\\/craft\\/icons\\/sport-svgs\\/soccer-dark-32.svg\\\" alt=\\\"soccer-dark-32.svg\\\"><\\/a>&nbsp;<a href=\\\"https:\\/\\/www.hudl.com\\/blog\\/the-time-saving-tool-you-need-coaches-speak-out-about-hudl-assist\\\" target=\\\"_blank\\\" rel=\\\"noreferrer noopener\\\">Soccer<\\/a>&nbsp;<\\/p>\\r\\n<p><a href=\\\"https:\\/\\/www.hudl.com\\/support\\/v3\\/breakdown-stats-and-reports\\/tag-games\\/tag-video-after-the-match-vb\\\" class=\\\"sport\\\" target=\\\"_blank\\\" rel=\\\"noreferrer noopener\\\"><img src=\\\"https:\\/\\/static.hudl.com\\/craft\\/icons\\/sport-svgs\\/volleyball-dark-32.svg\\\" style=\\\"vertical-align:middle;height:auto;\\\" alt=\\\"volleyball-dark-32.svg\\\"><\\/a>&nbsp;<a href=\\\"https:\\/\\/www.hudl.com\\/blog\\/free-up-your-time-with-hudl-assist-for-volleyball\\\" target=\\\"_blank\\\" rel=\\\"noreferrer noopener\\\">Volleyball<\\/a>&nbsp;&nbsp;|&nbsp;<a href=\\\"https:\\/\\/www.hudl.com\\/products\\/assist\\/lacrosse\\\" class=\\\"sport\\\" target=\\\"_blank\\\" rel=\\\"noreferrer noopener\\\"><img src=\\\"https:\\/\\/static.hudl.com\\/craft\\/icons\\/sport-svgs\\/lacrosse-dark-32.svg\\\" style=\\\"vertical-align:middle;height:auto;\\\" alt=\\\"lacrosse-dark-32.svg\\\"><\\/a>&nbsp;<a href=\\\"https:\\/\\/www.hudl.com\\/blog\\/hudl-assist-helps-lacrosse-staff-quickly-uncover-team-deficiencies\\\" target=\\\"_blank\\\" rel=\\\"noreferrer noopener\\\">Lacrosse<\\/a><\\/p>\",\"helperImage\":[\"75\"],\"videoFile\":\"\"}},\"new5\":{\"type\":\"block\",\"enabled\":\"1\",\"fields\":{\"header\":\"Get the most out of your data.\",\"details\":\"<p>Use Hudl reports to find the information you need to game plan. We\\u2019ve come up with some tips and tricks to get the most out of the data you receive from Hudl Assist. Dig deeper to uncover your opponents\\u2019 tendencies or self-scout to combat your team\\u2019s weaknesses.<\\/p>\",\"links\":\"<p><a href=\\\"https:\\/\\/www.hudl.com\\/support\\/v3\\/breakdown-stats-and-reports\\/tag-games\\/tag-video-after-the-game\\\" class=\\\"sport\\\" target=\\\"_blank\\\" rel=\\\"noreferrer noopener\\\"><img src=\\\"https:\\/\\/static.hudl.com\\/craft\\/icons\\/sport-svgs\\/basketball-dark-32.svg\\\" style=\\\"vertical-align:middle;height:auto;\\\" alt=\\\"basketball-dark-32.svg\\\"><\\/a>&nbsp;<a href=\\\"https:\\/\\/www.hudl.com\\/blog\\/get-a-jump-start-with-basketball-reports\\\" target=\\\"_blank\\\" rel=\\\"noreferrer noopener\\\">Basketball<\\/a>&nbsp;|&nbsp;<a href=\\\"https:\\/\\/www.hudl.com\\/support\\/v3\\/breakdown-stats-and-reports\\/tag-games\\/tag-video-after-the-match-soccer\\\" class=\\\"sport\\\" target=\\\"_blank\\\" rel=\\\"noreferrer noopener\\\"><img src=\\\"https:\\/\\/static.hudl.com\\/craft\\/icons\\/sport-svgs\\/soccer-dark-32.svg\\\" style=\\\"vertical-align:middle;height:auto;\\\" alt=\\\"soccer-dark-32.svg\\\"><\\/a>&nbsp;<a href=\\\"https:\\/\\/www.hudl.com\\/blog\\/become-a-data-driven-soccer-coach\\\" target=\\\"_blank\\\" rel=\\\"noreferrer noopener\\\">Soccer<\\/a>&nbsp;|&nbsp;<a href=\\\"https:\\/\\/www.hudl.com\\/support\\/v3\\/breakdown-stats-and-reports\\/tag-games\\/tag-video-after-the-match-vb\\\" class=\\\"sport\\\" target=\\\"_blank\\\" rel=\\\"noreferrer noopener\\\"><img src=\\\"https:\\/\\/static.hudl.com\\/craft\\/icons\\/sport-svgs\\/volleyball-dark-32.svg\\\" style=\\\"vertical-align:middle;height:auto;\\\" alt=\\\"volleyball-dark-32.svg\\\"><\\/a><a href=\\\"https:\\/\\/www.hudl.com\\/blog\\/hudl-reports-provide-volleyball-coach-fresh-outlook-on-stats\\\" target=\\\"_blank\\\" rel=\\\"noreferrer noopener\\\">Volleyball<\\/a>&nbsp;<\\/p>\",\"helperImage\":[\"76\"],\"videoFile\":\"\"}}},\"25\":\"10\",\"18\":[\"74\"]}}', '2017-12-16 19:49:02', '2017-12-16 19:49:02', 'b3830254-3c6b-472a-ab6a-eda52d012865');



DROP TABLE IF EXISTS `craft_fieldgroups`;


--
-- Schema for table `craft_fieldgroups`
--
CREATE TABLE `craft_fieldgroups` (
  `id` int(11) NOT NULL AUTO_INCREMENT,
  `name` varchar(255) COLLATE utf8_unicode_ci NOT NULL,
  `dateCreated` datetime NOT NULL,
  `dateUpdated` datetime NOT NULL,
  `uid` char(36) COLLATE utf8_unicode_ci NOT NULL DEFAULT '0',
  PRIMARY KEY (`id`),
  UNIQUE KEY `craft_fieldgroups_name_unq_idx` (`name`)
) ENGINE=InnoDB AUTO_INCREMENT=7 DEFAULT CHARSET=utf8 COLLATE=utf8_unicode_ci;

--
-- Data for table `craft_fieldgroups`
--

INSERT INTO `craft_fieldgroups` (`id`, `name`, `dateCreated`, `dateUpdated`, `uid`) VALUES
 ('6', 'Quick Guide', '2017-12-11 22:16:54', '2017-12-11 22:16:54', 'c3d13558-4aab-49f8-b6a6-b98d969bdb49');



DROP TABLE IF EXISTS `craft_fieldlayoutfields`;


--
-- Schema for table `craft_fieldlayoutfields`
--
CREATE TABLE `craft_fieldlayoutfields` (
  `id` int(11) NOT NULL AUTO_INCREMENT,
  `layoutId` int(11) NOT NULL,
  `tabId` int(11) NOT NULL,
  `fieldId` int(11) NOT NULL,
  `required` tinyint(1) unsigned NOT NULL DEFAULT '0',
  `sortOrder` smallint(6) unsigned DEFAULT NULL,
  `dateCreated` datetime NOT NULL,
  `dateUpdated` datetime NOT NULL,
  `uid` char(36) COLLATE utf8_unicode_ci NOT NULL DEFAULT '0',
  PRIMARY KEY (`id`),
  UNIQUE KEY `craft_fieldlayoutfields_layoutId_fieldId_unq_idx` (`layoutId`,`fieldId`),
  KEY `craft_fieldlayoutfields_sortOrder_idx` (`sortOrder`),
  KEY `craft_fieldlayoutfields_tabId_fk` (`tabId`),
  KEY `craft_fieldlayoutfields_fieldId_fk` (`fieldId`)
) ENGINE=InnoDB AUTO_INCREMENT=64 DEFAULT CHARSET=utf8 COLLATE=utf8_unicode_ci;

--
-- Data for table `craft_fieldlayoutfields`
--

INSERT INTO `craft_fieldlayoutfields` (`id`, `layoutId`, `tabId`, `fieldId`, `required`, `sortOrder`, `dateCreated`, `dateUpdated`, `uid`) VALUES
 ('55', '29', '21', '20', '1', '1', '2017-12-12 19:47:51', '2017-12-12 19:47:51', 'c93cc9ca-9300-46ba-84eb-5e4bea96838e'),
 ('56', '29', '21', '21', '1', '2', '2017-12-12 19:47:51', '2017-12-12 19:47:51', 'ba785eb5-518e-440e-bb23-0a95f33b00bc'),
 ('57', '29', '21', '22', '0', '3', '2017-12-12 19:47:51', '2017-12-12 19:47:51', '4770dc50-94dd-4945-8d33-a13e87f4076e'),
 ('58', '29', '21', '23', '0', '4', '2017-12-12 19:47:51', '2017-12-12 19:47:51', 'e50f698f-6fc3-4ebb-acbd-1e2c097eb2d6'),
 ('59', '29', '21', '24', '0', '5', '2017-12-12 19:47:51', '2017-12-12 19:47:51', '1e368b92-5c53-4553-aa21-7fe863f1b10b'),
 ('60', '30', '22', '17', '1', '1', '2017-12-16 00:52:17', '2017-12-16 00:52:17', 'a82bb111-48f7-49a1-8e5c-b86b6590ddc8'),
 ('61', '30', '22', '18', '1', '2', '2017-12-16 00:52:17', '2017-12-16 00:52:17', '47451435-f9be-44cb-ab84-5e396483f592'),
 ('62', '30', '22', '25', '0', '3', '2017-12-16 00:52:17', '2017-12-16 00:52:17', '757e0c39-3564-49ca-8cb7-d1289f653d91'),
 ('63', '30', '23', '19', '1', '1', '2017-12-16 00:52:18', '2017-12-16 00:52:18', 'fddd03a5-79ef-4be4-b91c-1bee60cbe9c6');



DROP TABLE IF EXISTS `craft_fieldlayouts`;


--
-- Schema for table `craft_fieldlayouts`
--
CREATE TABLE `craft_fieldlayouts` (
  `id` int(11) NOT NULL AUTO_INCREMENT,
  `type` varchar(150) COLLATE utf8_unicode_ci NOT NULL,
  `dateCreated` datetime NOT NULL,
  `dateUpdated` datetime NOT NULL,
  `uid` char(36) COLLATE utf8_unicode_ci NOT NULL DEFAULT '0',
  PRIMARY KEY (`id`),
  KEY `craft_fieldlayouts_type_idx` (`type`)
) ENGINE=InnoDB AUTO_INCREMENT=31 DEFAULT CHARSET=utf8 COLLATE=utf8_unicode_ci;

--
-- Data for table `craft_fieldlayouts`
--

INSERT INTO `craft_fieldlayouts` (`id`, `type`, `dateCreated`, `dateUpdated`, `uid`) VALUES
 ('1', 'Tag', '2017-12-10 19:43:12', '2017-12-10 19:43:12', 'c947757b-1b17-49b8-857f-3b18cc3260dd'),
 ('7', 'Asset', '2017-12-10 20:19:06', '2017-12-10 20:19:06', 'a15d9459-fc32-4bf9-92f9-ba36ded2859c'),
 ('9', 'Asset', '2017-12-10 21:59:19', '2017-12-10 21:59:19', '5a2bfb90-620b-467e-b603-10360e31868a'),
 ('12', 'Asset', '2017-12-11 00:19:28', '2017-12-11 00:19:28', 'a3e12664-97d3-4201-91e9-428757fd856e'),
 ('29', 'MatrixBlock', '2017-12-12 19:47:51', '2017-12-12 19:47:51', '1b76d18c-5d10-475e-9b87-fb44b35614d1'),
 ('30', 'Entry', '2017-12-16 00:52:17', '2017-12-16 00:52:17', '17c966d3-7b92-41bb-83ca-0e697d27d737');



DROP TABLE IF EXISTS `craft_fieldlayouttabs`;


--
-- Schema for table `craft_fieldlayouttabs`
--
CREATE TABLE `craft_fieldlayouttabs` (
  `id` int(11) NOT NULL AUTO_INCREMENT,
  `layoutId` int(11) NOT NULL,
  `name` varchar(255) COLLATE utf8_unicode_ci NOT NULL,
  `sortOrder` smallint(6) unsigned DEFAULT NULL,
  `dateCreated` datetime NOT NULL,
  `dateUpdated` datetime NOT NULL,
  `uid` char(36) COLLATE utf8_unicode_ci NOT NULL DEFAULT '0',
  PRIMARY KEY (`id`),
  KEY `craft_fieldlayouttabs_sortOrder_idx` (`sortOrder`),
  KEY `craft_fieldlayouttabs_layoutId_fk` (`layoutId`)
) ENGINE=InnoDB AUTO_INCREMENT=24 DEFAULT CHARSET=utf8 COLLATE=utf8_unicode_ci;

--
-- Data for table `craft_fieldlayouttabs`
--

INSERT INTO `craft_fieldlayouttabs` (`id`, `layoutId`, `name`, `sortOrder`, `dateCreated`, `dateUpdated`, `uid`) VALUES
 ('21', '29', 'Content', '1', '2017-12-12 19:47:51', '2017-12-12 19:47:51', '93037a1f-9061-48a3-9378-f9abc930f41d'),
 ('22', '30', 'Quick Guide', '1', '2017-12-16 00:52:17', '2017-12-16 00:52:17', 'af212e06-4a26-4e52-b54d-e71e85094816'),
 ('23', '30', 'Instruction Blocks', '2', '2017-12-16 00:52:18', '2017-12-16 00:52:18', 'c1f2cdef-8350-4514-85d3-83616fb61f74');



DROP TABLE IF EXISTS `craft_fields`;


--
-- Schema for table `craft_fields`
--
CREATE TABLE `craft_fields` (
  `id` int(11) NOT NULL AUTO_INCREMENT,
  `groupId` int(11) DEFAULT NULL,
  `name` varchar(255) COLLATE utf8_unicode_ci NOT NULL,
  `handle` varchar(58) COLLATE utf8_unicode_ci NOT NULL,
  `context` varchar(255) COLLATE utf8_unicode_ci NOT NULL DEFAULT 'global',
  `instructions` text COLLATE utf8_unicode_ci,
  `translatable` tinyint(1) unsigned NOT NULL DEFAULT '0',
  `type` varchar(150) COLLATE utf8_unicode_ci NOT NULL,
  `settings` text COLLATE utf8_unicode_ci,
  `dateCreated` datetime NOT NULL,
  `dateUpdated` datetime NOT NULL,
  `uid` char(36) COLLATE utf8_unicode_ci NOT NULL DEFAULT '0',
  PRIMARY KEY (`id`),
  UNIQUE KEY `craft_fields_handle_context_unq_idx` (`handle`,`context`),
  KEY `craft_fields_context_idx` (`context`),
  KEY `craft_fields_groupId_fk` (`groupId`)
) ENGINE=InnoDB AUTO_INCREMENT=26 DEFAULT CHARSET=utf8 COLLATE=utf8_unicode_ci;

--
-- Data for table `craft_fields`
--

INSERT INTO `craft_fields` (`id`, `groupId`, `name`, `handle`, `context`, `instructions`, `translatable`, `type`, `settings`, `dateCreated`, `dateUpdated`, `uid`) VALUES
 ('17', '6', 'Description', 'description', 'global', 'Write a short excerpt that summarizes this guide.', '0', 'PlainText', '{\"placeholder\":\"New to Hudl and looking for a quick overview of what it\\u2019s all about? Get started in three easy steps.\",\"maxLength\":\"\",\"multiline\":\"\",\"initialRows\":\"4\"}', '2017-12-11 22:20:55', '2017-12-11 22:20:55', '4179ea8c-70b0-49a6-9028-db1528a7bf6b'),
 ('18', '6', 'Preview Image', 'previewImage', 'global', 'Upload a photo that will be used as a preview for this guide on https://www.hudl.com/support/v3/guides/', '0', 'Assets', '{\"useSingleFolder\":\"\",\"sources\":[\"folder:1\"],\"defaultUploadLocationSource\":\"1\",\"defaultUploadLocationSubpath\":\"\",\"singleUploadLocationSource\":\"1\",\"singleUploadLocationSubpath\":\"\",\"restrictFiles\":\"\",\"limit\":\"1\",\"viewMode\":\"large\",\"selectionLabel\":\"\"}', '2017-12-11 22:24:41', '2017-12-11 22:26:50', '9f4cbd24-e758-49c1-b9d1-6a6a3eed32fa'),
 ('19', '6', 'Instruction Block', 'instructionBlock', 'global', '', '0', 'Matrix', '{\"maxBlocks\":null}', '2017-12-11 22:54:55', '2017-12-12 19:47:50', 'a16b6e5f-2f0b-4918-ae69-9f6a2e472d46'),
 ('20', NULL, 'Header', 'header', 'matrixBlockType:2', '', '0', 'PlainText', '{\"placeholder\":\"\",\"maxLength\":\"\",\"multiline\":\"\",\"initialRows\":\"4\"}', '2017-12-11 22:54:56', '2017-12-12 19:47:50', '2d7e7361-cccb-4052-ba8c-269552bc06d7'),
 ('21', NULL, 'Details', 'details', 'matrixBlockType:2', 'Use the rich text input to write paragraphs and ordered lists', '0', 'RichText', '{\"configFile\":\"\",\"availableAssetSources\":\"*\",\"availableTransforms\":\"*\",\"cleanupHtml\":\"1\",\"purifyHtml\":\"1\",\"purifierConfig\":\"\",\"columnType\":\"text\"}', '2017-12-11 22:54:57', '2017-12-12 19:47:50', '3037d3c9-e248-4a2e-9df5-8c5154c93a4e'),
 ('22', NULL, 'Links', 'links', 'matrixBlockType:2', 'Link to more detail support pages. Separate links with a <br>', '0', 'RichText', '{\"configFile\":\"\",\"availableAssetSources\":\"*\",\"availableTransforms\":\"*\",\"cleanupHtml\":\"1\",\"purifyHtml\":\"1\",\"purifierConfig\":\"\",\"columnType\":\"text\"}', '2017-12-11 22:54:57', '2017-12-12 19:47:51', 'a8304045-467c-4b2c-ae0e-3dbc068a6c6f'),
 ('23', NULL, 'Helper Image', 'helperImage', 'matrixBlockType:2', 'Upload a jpg, gif, or png to accompany the instructions.', '0', 'Assets', '{\"useSingleFolder\":\"\",\"sources\":[\"folder:1\"],\"defaultUploadLocationSource\":\"1\",\"defaultUploadLocationSubpath\":\"\",\"singleUploadLocationSource\":\"1\",\"singleUploadLocationSubpath\":\"\",\"restrictFiles\":\"\",\"limit\":\"1\",\"viewMode\":\"large\",\"selectionLabel\":\"\"}', '2017-12-11 23:08:59', '2017-12-12 19:47:51', '786d11b1-cfb3-4e4f-aae9-6bd77836f7e1'),
 ('24', NULL, 'Video File', 'videoFile', 'matrixBlockType:2', 'Optional alternative to using a Helper Image file type. Upload an mp4 file.', '0', 'Assets', '{\"useSingleFolder\":\"\",\"sources\":[\"folder:1\"],\"defaultUploadLocationSource\":\"1\",\"defaultUploadLocationSubpath\":\"\",\"singleUploadLocationSource\":\"1\",\"singleUploadLocationSubpath\":\"\",\"restrictFiles\":\"\",\"limit\":\"\",\"viewMode\":\"list\",\"selectionLabel\":\"\"}', '2017-12-12 19:34:30', '2017-12-12 19:47:51', 'e0883d2e-170d-48e7-aa9e-4f01ffcf902a'),
 ('25', '6', 'Order', 'order', 'global', 'Where do you want this guide to be ordered among the rest?', '0', 'Number', '{\"min\":\"1\",\"max\":\"\",\"decimals\":\"0\"}', '2017-12-16 00:50:57', '2017-12-16 00:50:57', 'ce26fcce-ccfe-4d90-97d4-43ebad2c4479');



DROP TABLE IF EXISTS `craft_globalsets`;


--
-- Schema for table `craft_globalsets`
--
CREATE TABLE `craft_globalsets` (
  `id` int(11) NOT NULL,
  `name` varchar(255) COLLATE utf8_unicode_ci NOT NULL,
  `handle` varchar(255) COLLATE utf8_unicode_ci NOT NULL,
  `fieldLayoutId` int(10) DEFAULT NULL,
  `dateCreated` datetime NOT NULL,
  `dateUpdated` datetime NOT NULL,
  `uid` char(36) COLLATE utf8_unicode_ci NOT NULL DEFAULT '0',
  PRIMARY KEY (`id`),
  UNIQUE KEY `craft_globalsets_name_unq_idx` (`name`),
  UNIQUE KEY `craft_globalsets_handle_unq_idx` (`handle`),
  KEY `craft_globalsets_fieldLayoutId_fk` (`fieldLayoutId`)
) ENGINE=InnoDB DEFAULT CHARSET=utf8 COLLATE=utf8_unicode_ci;

DROP TABLE IF EXISTS `craft_info`;


--
-- Schema for table `craft_info`
--
CREATE TABLE `craft_info` (
  `id` int(11) NOT NULL AUTO_INCREMENT,
  `version` varchar(50) COLLATE utf8_unicode_ci NOT NULL,
  `schemaVersion` varchar(15) COLLATE utf8_unicode_ci NOT NULL,
  `edition` tinyint(1) unsigned NOT NULL DEFAULT '0',
  `siteName` varchar(100) COLLATE utf8_unicode_ci NOT NULL,
  `siteUrl` varchar(255) COLLATE utf8_unicode_ci NOT NULL,
  `timezone` varchar(30) COLLATE utf8_unicode_ci DEFAULT NULL,
  `on` tinyint(1) unsigned NOT NULL DEFAULT '0',
  `maintenance` tinyint(1) unsigned NOT NULL DEFAULT '0',
  `dateCreated` datetime NOT NULL,
  `dateUpdated` datetime NOT NULL,
  `uid` char(36) COLLATE utf8_unicode_ci NOT NULL DEFAULT '0',
  PRIMARY KEY (`id`)
) ENGINE=InnoDB AUTO_INCREMENT=2 DEFAULT CHARSET=utf8 COLLATE=utf8_unicode_ci;

--
-- Data for table `craft_info`
--

INSERT INTO `craft_info` (`id`, `version`, `schemaVersion`, `edition`, `siteName`, `siteUrl`, `timezone`, `on`, `maintenance`, `dateCreated`, `dateUpdated`, `uid`) VALUES
 ('1', '2.6.3000', '2.6.13', '0', 'Hudl Project', 'http://localhost:8888', 'UTC', '1', '0', '2017-12-10 19:43:03', '2017-12-10 19:43:03', 'e19c2bbb-d969-4e56-b1fd-4631d042b4ea');



DROP TABLE IF EXISTS `craft_locales`;


--
-- Schema for table `craft_locales`
--
CREATE TABLE `craft_locales` (
  `locale` char(12) COLLATE utf8_unicode_ci NOT NULL,
  `sortOrder` smallint(6) unsigned DEFAULT NULL,
  `dateCreated` datetime NOT NULL,
  `dateUpdated` datetime NOT NULL,
  `uid` char(36) COLLATE utf8_unicode_ci NOT NULL DEFAULT '0',
  PRIMARY KEY (`locale`),
  KEY `craft_locales_sortOrder_idx` (`sortOrder`)
) ENGINE=InnoDB DEFAULT CHARSET=utf8 COLLATE=utf8_unicode_ci;

--
-- Data for table `craft_locales`
--

INSERT INTO `craft_locales` (`locale`, `sortOrder`, `dateCreated`, `dateUpdated`, `uid`) VALUES
 ('en_us', '1', '2017-12-10 19:43:05', '2017-12-10 19:43:05', '16ece93c-fad9-4e0b-8def-d1baf26d7ad9');



DROP TABLE IF EXISTS `craft_matrixblocks`;


--
-- Schema for table `craft_matrixblocks`
--
CREATE TABLE `craft_matrixblocks` (
  `id` int(11) NOT NULL,
  `ownerId` int(11) NOT NULL,
  `fieldId` int(11) NOT NULL,
  `typeId` int(11) DEFAULT NULL,
  `sortOrder` smallint(6) unsigned DEFAULT NULL,
  `ownerLocale` char(12) COLLATE utf8_unicode_ci DEFAULT NULL,
  `dateCreated` datetime NOT NULL,
  `dateUpdated` datetime NOT NULL,
  `uid` char(36) COLLATE utf8_unicode_ci NOT NULL DEFAULT '0',
  PRIMARY KEY (`id`),
  KEY `craft_matrixblocks_ownerId_idx` (`ownerId`),
  KEY `craft_matrixblocks_fieldId_idx` (`fieldId`),
  KEY `craft_matrixblocks_typeId_idx` (`typeId`),
  KEY `craft_matrixblocks_sortOrder_idx` (`sortOrder`),
  KEY `craft_matrixblocks_ownerLocale_fk` (`ownerLocale`)
) ENGINE=InnoDB DEFAULT CHARSET=utf8 COLLATE=utf8_unicode_ci;

--
-- Data for table `craft_matrixblocks`
--

INSERT INTO `craft_matrixblocks` (`id`, `ownerId`, `fieldId`, `typeId`, `sortOrder`, `ownerLocale`, `dateCreated`, `dateUpdated`, `uid`) VALUES
 ('30', '28', '19', '2', '1', NULL, '2017-12-11 23:11:14', '2017-12-16 00:57:19', '3634dafa-e00a-4a34-b512-c73233014f25'),
 ('34', '33', '19', '2', '1', NULL, '2017-12-12 19:06:41', '2017-12-16 00:56:57', 'f347f077-30cf-4423-9c02-cb1cb3042fc1'),
 ('35', '33', '19', '2', '2', NULL, '2017-12-12 19:06:41', '2017-12-16 00:56:57', 'cc8be786-ed19-4c43-bd31-7c5b34b57f3b'),
 ('36', '33', '19', '2', '3', NULL, '2017-12-12 19:06:41', '2017-12-16 00:56:57', '067e6430-210f-4982-8d18-80403ec01ede'),
 ('43', '28', '19', '2', '2', NULL, '2017-12-12 19:22:50', '2017-12-16 00:57:19', '327d47e9-2b5f-4227-8b85-b12ed4b91c60'),
 ('44', '28', '19', '2', '3', NULL, '2017-12-12 19:22:50', '2017-12-16 00:57:19', '3a687748-a143-43ca-b405-ad7d14d932e6'),
 ('53', '52', '19', '2', '1', NULL, '2017-12-16 00:47:58', '2017-12-16 00:52:41', 'e46245db-753e-4904-987a-36b0274a9abc'),
 ('54', '52', '19', '2', '2', NULL, '2017-12-16 00:47:58', '2017-12-16 00:52:41', '40aae31f-bd90-47ef-84f4-345ac59dcb6d'),
 ('55', '52', '19', '2', '3', NULL, '2017-12-16 00:47:58', '2017-12-16 00:52:41', '2dda6ce6-9998-4630-9ad8-2fb4258a3e07'),
 ('64', '63', '19', '2', '1', NULL, '2017-12-16 19:41:10', '2017-12-16 19:41:10', '853543c1-7647-4558-ae07-9d9032089acb'),
 ('65', '63', '19', '2', '2', NULL, '2017-12-16 19:41:10', '2017-12-16 19:41:10', 'df2c7b44-37a3-46ba-be27-fb0eb3fb2171'),
 ('66', '63', '19', '2', '3', NULL, '2017-12-16 19:41:10', '2017-12-16 19:41:10', '6a38c218-8e67-4723-8e3f-baa7ac8b67cc'),
 ('78', '77', '19', '2', '1', NULL, '2017-12-16 19:49:02', '2017-12-16 19:49:02', '6e5b9380-8428-48a8-b393-6fa24f6a4755'),
 ('79', '77', '19', '2', '2', NULL, '2017-12-16 19:49:02', '2017-12-16 19:49:02', '799cb235-84ef-4dd9-8c53-08e77655f04e'),
 ('80', '77', '19', '2', '3', NULL, '2017-12-16 19:49:02', '2017-12-16 19:49:02', '776deedd-a19f-4dd8-aa36-83c3792e102d'),
 ('81', '77', '19', '2', '4', NULL, '2017-12-16 19:49:02', '2017-12-16 19:49:02', '5d99630e-a835-4d06-9e32-bbdc62df0a16'),
 ('82', '77', '19', '2', '5', NULL, '2017-12-16 19:49:02', '2017-12-16 19:49:02', 'd2ccb767-bfc3-45dc-990b-e0cfd208dd33');



DROP TABLE IF EXISTS `craft_matrixblocktypes`;


--
-- Schema for table `craft_matrixblocktypes`
--
CREATE TABLE `craft_matrixblocktypes` (
  `id` int(11) NOT NULL AUTO_INCREMENT,
  `fieldId` int(11) NOT NULL,
  `fieldLayoutId` int(11) DEFAULT NULL,
  `name` varchar(255) COLLATE utf8_unicode_ci NOT NULL,
  `handle` varchar(255) COLLATE utf8_unicode_ci NOT NULL,
  `sortOrder` smallint(6) unsigned DEFAULT NULL,
  `dateCreated` datetime NOT NULL,
  `dateUpdated` datetime NOT NULL,
  `uid` char(36) COLLATE utf8_unicode_ci NOT NULL DEFAULT '0',
  PRIMARY KEY (`id`),
  UNIQUE KEY `craft_matrixblocktypes_name_fieldId_unq_idx` (`name`,`fieldId`),
  UNIQUE KEY `craft_matrixblocktypes_handle_fieldId_unq_idx` (`handle`,`fieldId`),
  KEY `craft_matrixblocktypes_fieldId_fk` (`fieldId`),
  KEY `craft_matrixblocktypes_fieldLayoutId_fk` (`fieldLayoutId`)
) ENGINE=InnoDB AUTO_INCREMENT=3 DEFAULT CHARSET=utf8 COLLATE=utf8_unicode_ci;

--
-- Data for table `craft_matrixblocktypes`
--

INSERT INTO `craft_matrixblocktypes` (`id`, `fieldId`, `fieldLayoutId`, `name`, `handle`, `sortOrder`, `dateCreated`, `dateUpdated`, `uid`) VALUES
 ('2', '19', '29', 'Block', 'block', '1', '2017-12-11 22:54:56', '2017-12-12 19:47:51', 'ccf7f371-fae8-42e3-aa6c-07ee0cf43c7e');



DROP TABLE IF EXISTS `craft_matrixcontent_instructionblock`;


--
-- Schema for table `craft_matrixcontent_instructionblock`
--
CREATE TABLE `craft_matrixcontent_instructionblock` (
  `id` int(11) NOT NULL AUTO_INCREMENT,
  `elementId` int(11) NOT NULL,
  `locale` char(12) COLLATE utf8_unicode_ci NOT NULL,
  `field_block_header` text COLLATE utf8_unicode_ci,
  `field_block_details` text COLLATE utf8_unicode_ci,
  `field_block_links` text COLLATE utf8_unicode_ci,
  `dateCreated` datetime NOT NULL,
  `dateUpdated` datetime NOT NULL,
  `uid` char(36) COLLATE utf8_unicode_ci NOT NULL DEFAULT '0',
  PRIMARY KEY (`id`),
  UNIQUE KEY `craft_matrixcontent_instructionblock_elementId_locale_unq_idx` (`elementId`,`locale`),
  KEY `craft_matrixcontent_instructionblock_locale_fk` (`locale`)
) ENGINE=InnoDB AUTO_INCREMENT=19 DEFAULT CHARSET=utf8 COLLATE=utf8_unicode_ci;

--
-- Data for table `craft_matrixcontent_instructionblock`
--

INSERT INTO `craft_matrixcontent_instructionblock` (`id`, `elementId`, `locale`, `field_block_header`, `field_block_details`, `field_block_links`, `dateCreated`, `dateUpdated`, `uid`) VALUES
 ('2', '30', 'en_us', 'It all starts with clips.', '<p>Create clips from scratch to indicate moments worth review. Save them to a new or existing playlist to reference in the future, or add them as highlights by clicking <img src=\"https://lh3.googleusercontent.com/qv2nbuWgROcx5WUN-23QNg8tUGCH_A4bkxJALXt0OHSmz389krDgY1iyYfOp2Wn0oIwhcymZFGBeKY6Syt3BRQnuOjyxUYS66N41hQn8Ect2CIQoIe2llQ40JCF5uskfqDoLJO0a\" width=\"22\" height=\"20\" style=\"border-style:none;font-style:normal;font-weight:400;font-family:sans-serif;vertical-align:middle;color:rgba(19,41,63,.8);height:auto;\" alt=\"qv2nbuWgROcx5WUN-23QNg8tUGCH_A4bkxJALXt0OHSmz389krDgY1iyYfOp2Wn0oIwhcymZFGBeKY6Syt3BRQnuOjyxUYS66N41hQn8Ect2CIQoIe2llQ40JCF5uskfqDoLJO0a\" /> . Clips are automatically created anytime a new comment or drawing is added. Use tags and reports to create stat-based clips to bring the numbers to life.</p>', '<p><a href=\"https://www.hudl.com/support/v3/watch-and-manage-video/watch-and-manage-video/create-clips\" target=\"_blank\" rel=\"noreferrer noopener\">Learn more about creating clips.<br /></a><a href=\"https://www.hudl.com/blog/the-basics-it-all-starts-with-clips\">Use clips to build your video library.</a></p>', '2017-12-11 23:11:14', '2017-12-16 00:57:19', 'ae754d29-afcf-4412-ba19-d7a7cacf2473'),
 ('3', '34', 'en_us', 'Add a video.', '<p>Likely the main reason you’re here.</p>\n<ol><li>Click <strong>Upload</strong>.</li><li>Drag and drop your video, or select the file from your computer.</li><li>Add details such as Video Type or Schedule Event.</li></ol>', '<p><a href=\"https://www.hudl.com/support/v3/get-video-online/upload-video-from-a-computer/upload-from-a-computer1\" target=\"_blank\" rel=\"noreferrer noopener\">Learn more about uploading from a computer.</a></p>', '2017-12-12 19:06:40', '2017-12-16 00:56:56', 'ef4da047-bf75-4cbd-a2b0-a743a204d636'),
 ('4', '35', 'en_us', 'Comment on your video.', '<p>Have a good (or bad) play you want to call out?</p>\n<ol><li>Click <strong>Video</strong>.</li><li>Play the game you uploaded.</li><li>Click <strong>Add a comment</strong> and type away.</li><li>Save the new clip to a playlist for later review.</li></ol>', '<p><a href=\"https://www.hudl.com/support/v3/watch-and-manage-video/watch-and-manage-video/create-comments-and-drawings\" target=\"_blank\" rel=\"noreferrer noopener\">Learn more about adding comments and drawings.<br /></a><a href=\"https://www.hudl.com/support/v3/review-and-share-video/review-video/create-playlists-1\">Learn how to create a playlist with clips.</a></p>', '2017-12-12 19:06:41', '2017-12-16 00:56:57', 'f88c84ee-6c64-48a1-a80b-190805fa1454'),
 ('5', '36', 'en_us', 'Share video with another coach.', '<p>Share the knowledge—and the workload.  </p>\n<ol><li>Hover over <strong>Team</strong> and select <strong>Manage Team</strong>.</li><li>Fill out the necessary info and click <strong>Save New Member</strong>.</li><li>Click <strong>Video</strong> to find the video you uploaded.</li><li>Hover over the video and click Share.</li></ol>', '<p><a href=\"https://www.hudl.com/support/v3/team-management/coaches/add-coaches\" target=\"_blank\" rel=\"noreferrer noopener\">Learn how to add your coaches.<br /></a><a href=\"https://www.hudl.com/support/v3/watch-and-manage-video/manage-video/share-your-video\" target=\"_blank\" rel=\"noreferrer noopener\">Learn how to share your video.</a></p>', '2017-12-12 19:06:41', '2017-12-16 00:56:57', '59a826a1-d02d-4f68-892c-96ec4864f561'),
 ('6', '43', 'en_us', 'Add comments and drawings.', '<p>Bring lessons to life by adding comments and drawings to your video. Players and coaches can now reply to comments on the video, turning the comments into conversations. Use the arrows, spot shadows or freehand drawing tools to show athletes what needs to improve</p>', '<p><a href=\"https://www.hudl.com/support/v3/watch-and-manage-video/watch-and-manage-video/create-comments-and-drawings\" target=\"_blank\" rel=\"noreferrer noopener\">Learn more about creating comments and drawings.</a></p>', '2017-12-12 19:22:50', '2017-12-16 00:57:19', '5fa52831-77ed-4f95-99c2-9a4d67ba5905'),
 ('7', '44', 'en_us', 'Create and share playlists.', '<p>Clips are the building blocks of playlists. Once you create clips of key moments and add comments or drawings, click <img src=\"https://lh5.googleusercontent.com/ITmdZZej4fnbyupzdyYr-0X9eB8Oz1nMP9u_UtOX6ANaN31_XN34GPmLORrs96K8cFOBU-tfn8ZQjK8nc8PlxvVuc_93e0WyFGO5Lexgc09SojYpTiRtuqCO6JD8SMBqEwgB9yeH\" width=\"25\" height=\"25\" style=\"border-style:none;\" alt=\"ITmdZZej4fnbyupzdyYr-0X9eB8Oz1nMP9u_UtOX6ANaN31_XN34GPmLORrs96K8cFOBU-tfn8ZQjK8nc8PlxvVuc_93e0WyFGO5Lexgc09SojYpTiRtuqCO6JD8SMBqEwgB9yeH\" />to save them to a new or existing playlist. This gives you the option to create a single playlist featuring moments from multiple games. </p>\n<p>Playlists can be shared with the whole team, custom groups or individuals. If other users need to edit playlists or add comments and drawings, change their sharing permissions at any time.</p>', '<p><a href=\"https://www.hudl.com/support/v3/watch-and-manage-video/watch-and-manage-video/create-playlists\" target=\"_blank\" rel=\"noreferrer noopener\">Learn more about creating playlists.</a><br /><a href=\"https://www.hudl.com/support/v3/watch-and-manage-video/manage-video/share-your-video\" target=\"_blank\" rel=\"noreferrer noopener\">Learn more about sharing playlists.</a></p>', '2017-12-12 19:22:50', '2017-12-16 00:57:19', 'de3d6af4-4f99-48cf-ade3-0ee95ad21110'),
 ('8', '53', 'en_us', 'Add video from a mobile device.', '<p>When you record with an iPad, you\'re able to upload as the game is happening, allowing you to watch the video as soon as the bus ride home. Even if you don\'t have access to Wi-Fi, you can still record the game and easily upload when you get a connection. It’s the simplest way to get video on Hudl.</p>\n<ol><li>Use the Hudl app on an iPad or iPhone to record.</li><li>Select the camera icon from the menu or home page and start recording.</li><li>Connect to Wi-Fi as you record to upload the video live. (If you don’t have access to Wi-Fi, you can always upload later.)</li><li>Add details such as video title and type, then select or create a schedule entry.</li></ol>', '<p><a href=\"https://www.hudl.com/support/v3/get-video-online/record-from-a-mobile-device/record-and-upload-from-mobile\" target=\"_blank\" rel=\"noreferrer noopener\">Learn more about uploading from an iPad or iPhone.</a></p>', '2017-12-16 00:47:58', '2017-12-16 00:52:41', '28c97e90-4f57-47c7-b6f1-c5fcc4e3d927'),
 ('9', '54', 'en_us', 'Add video from a computer.', '<p>If you prefer recording with your existing camera, that’s no problem. Hard drive cameras, especially those that record in HD, are great. When you’re done recording, just connect the camera to your computer and get that video uploaded to Hudl. (To super simplify the process, pop out the camera’s SD card and plug that in instead.)</p>\n<ol><li>Click <strong>Upload</strong>.</li><li>Drag and drop your video into the browser, or select the file from your computer.</li><li>Add details such as video title and type, then select or create a schedule entry.</li></ol>', '<p><a href=\"https://www.hudl.com/support/v3/get-video-online/upload-video-from-a-computer/upload-from-a-computer1\" target=\"_blank\" rel=\"noreferrer noopener\">Learn more about uploading from a camera.</a></p>', '2017-12-16 00:47:58', '2017-12-16 00:52:41', 'f0f5e669-bb9f-41f8-b347-c61e0ed3d0d8'),
 ('10', '55', 'en_us', 'Exchange your video with other teams.', '<p>Gone are the days of driving across state to exchange games with your upcoming opponents. With the click of a button you are able to send video to teams on Hudl. Play an opponent who doesn’t have Hudl? Download your video and you’ll receive an email with a link to forward on.</p>\n<p><strong>Pro Tip</strong>: If you’re listed as a coach and not a team administrator on Hudl, you won’t see Exchanges on your Hudl account. Reach out to a team administrator to exchange the video or to give you access.</p>', '<p><a href=\"https://www.hudl.com/support/v3/review-and-share-video/share-video/exchange-video-with-a-hudl-team\">Learn how to exchange video with Hudl teams.</a><br /><a href=\"https://www.hudl.com/support/v3/review-and-share-video/share-video/share-video-with-a-non-hudl-team\">Learn how to download your video to exchange with non-Hudl teams.</a></p>', '2017-12-16 00:47:58', '2017-12-16 00:52:41', '00145769-30e0-48bb-a40e-eadb212d4560'),
 ('11', '64', 'en_us', 'Add your schedule.', '<p>Keep your team in the know by adding your season schedule to Hudl. Adding your schedule also makes it easier to organize your video — choose a Schedule Event under Video Details when uploading.</p>', '<p><a href=\"https://www.hudl.com/support/v3/team-management/schedule/add-a-season-1\" target=\"_blank\" rel=\"noreferrer noopener\">Create a new season to get started.</a><br /><a href=\"https://www.hudl.com/support/v3/team-management/schedule/add-events\" target=\"_blank\" rel=\"noreferrer noopener\">Learn how to add events to your schedule.</a></p>', '2017-12-16 19:41:10', '2017-12-16 19:41:10', '0548bd6d-e5b4-424f-be54-8116d3e52385'),
 ('12', '65', 'en_us', 'Add your coaches and athletes.', '<p>Give your coaches access to Hudl and allow them to update the roster, add video to the account or exchange games with your opponents.</p>\n<p>Add your athletes to Hudl so they can see video and coaching points to help them learn from their mistakes. With access to video editing tools, athletes can create highlights to share with family, friends and recruiters. </p>', '<p><a href=\"https://www.hudl.com/support/v3/team-management/coaches/add-coaches\" target=\"_blank\" rel=\"noreferrer noopener\">Learn how to add your coaches.<br /></a><a href=\"https://www.hudl.com/support/v3/team-management/athletes/add-athletes\" target=\"_blank\" rel=\"noreferrer noopener\">Learn how to add your athletes.</a></p>', '2017-12-16 19:41:10', '2017-12-16 19:41:10', '253a0df5-7c7c-4801-8c27-e437317b8899'),
 ('13', '66', 'en_us', 'Send messages and share video.', '<p>Keep the team organized and in the know by sending messages in the Hudl app or on Hudl.com — recipients will get a notification of your message on their devices.</p>\n<p>You can share video with individual athletes or coaches, or custom groups.</p>', '<p><a href=\"https://www.hudl.com/support/v3/review-and-share-video/share-video/share-your-video\" target=\"_blank\" rel=\"noreferrer noopener\">Learn how to share video and set video permissions.</a><br /><a href=\"https://www.hudl.com/support/v3/team-management/messaging/send-messages\" target=\"_blank\" rel=\"noreferrer noopener\">Learn how to message your team.</a></p>', '2017-12-16 19:41:10', '2017-12-16 19:41:10', 'fac6f073-47ea-43fb-a043-d988140e3491'),
 ('14', '78', 'en_us', 'Record like the pros.', '<p>When you send games to Hudl Assist, we want to make sure you receive the best breakdowns. But our analysts can’t tag what they can’t see. That’s why it’s important to follow a few guidelines when it comes to recording your games. Record in HD, take shots of the scoreboard throughout the game–or just check out our full list of recording tips before your game.</p>', '<p><a href=\"https://www.hudl.com/support/v3/breakdown-stats-and-reports/tag-games/tag-video-after-the-game\" class=\"sport\" target=\"_blank\" rel=\"noreferrer noopener\"><img src=\"https://static.hudl.com/craft/icons/sport-svgs/basketball-dark-32.svg\" style=\"vertical-align:middle;height:auto;\" alt=\"basketball-dark-32.svg\" /></a> <a href=\"https://www.hudl.com/support/v3/breakdown-stats-and-reports/hudl-assist/basketball-recommended-recording-workflow\" target=\"_blank\" rel=\"noreferrer noopener\">Basketball</a> | <a href=\"https://www.hudl.com/support/v3/breakdown-stats-and-reports/tag-games/tag-video-after-the-match-soccer\" class=\"sport\" target=\"_blank\" rel=\"noreferrer noopener\"><img src=\"https://static.hudl.com/craft/icons/sport-svgs/soccer-dark-32.svg\" style=\"vertical-align:middle;height:auto;\" alt=\"soccer-dark-32.svg\" /></a> <a href=\"https://www.hudl.com/support/v3/breakdown-stats-and-reports/hudl-assist/soccer-recommended-recording-workflow\" target=\"_blank\" rel=\"noreferrer noopener\">Soccer</a> | <a href=\"https://www.hudl.com/support/v3/breakdown-stats-and-reports/tag-games/tag-video-after-the-match-vb\" class=\"sport\" target=\"_blank\" rel=\"noreferrer noopener\"><img src=\"https://static.hudl.com/craft/icons/sport-svgs/volleyball-dark-32.svg\" style=\"vertical-align:middle;height:auto;\" alt=\"volleyball-dark-32.svg\" /></a> <a href=\"https://www.hudl.com/support/v3/breakdown-stats-and-reports/hudl-assist/volleyball-recommended-recording-workflow\" target=\"_blank\" rel=\"noreferrer noopener\">Volleyball</a> </p>', '2017-12-16 19:49:01', '2017-12-16 19:49:01', '223b4104-8e28-4ddc-bf0b-379113bf899b'),
 ('15', '79', 'en_us', 'Submit your games to Hudl Assist.', '<p>Once you’ve uploaded your game or received video from opponents, send it off to our analysts to be broken down.</p>\n<ol><li>Select one or more videos in your library and click Send to Assist. If it’s an opponent scout video, select which team should be scouted as offense.</li><li>Add jersey colors for each team.</li><li>Leave a note for the analyst if there are missing clips or recording errors–any additional information that’ll help our analysts accurately break down the video.</li><li>Once your breakdown is complete, you’ll receive an email from our analysts.</li></ol>', '<p><a href=\"https://www.hudl.com/support/v3/breakdown-stats-and-reports/hudl-assist/submit-a-game-to-hudl-assist\">Learn how to submit games to Assist.</a></p>', '2017-12-16 19:49:02', '2017-12-16 19:49:02', 'd211da13-3bac-41e3-a5b3-16582a74a8ce'),
 ('16', '80', 'en_us', 'Learn more about the data you receive.', '<p>Curious what information you’ll receive from Hudl Assist? Take a deeper look at how our analysts break down your video.</p>', '<p><a href=\"https://www.hudl.com/support/v3/breakdown-stats-and-reports/tag-games/tag-video-after-the-game\" class=\"sport\" target=\"_blank\" rel=\"noreferrer noopener\"><img src=\"https://static.hudl.com/craft/icons/sport-svgs/basketball-dark-32.svg\" style=\"vertical-align:middle;height:auto;\" alt=\"basketball-dark-32.svg\" /></a> <a href=\"https://www.hudl.com/support/v3/breakdown-stats-and-reports/hudl-assist/basketball-hudl-assist-stats\" target=\"_blank\" rel=\"noreferrer noopener\">Basketball</a> | <a href=\"https://www.hudl.com/support/v3/breakdown-stats-and-reports/tag-games/tag-video-after-the-match-soccer\" class=\"sport\" target=\"_blank\" rel=\"noreferrer noopener\"><img src=\"https://static.hudl.com/craft/icons/sport-svgs/soccer-dark-32.svg\" style=\"vertical-align:middle;height:auto;\" alt=\"soccer-dark-32.svg\" /></a> <a href=\"https://www.hudl.com/support/v3/breakdown-stats-and-reports/hudl-assist/soccer-hudl-assist-stats\" target=\"_blank\" rel=\"noreferrer noopener\">Soccer</a> </p>', '2017-12-16 19:49:02', '2017-12-16 19:49:02', '1f5cabb5-546f-42a8-8af7-1e3c66eb46af'),
 ('17', '81', 'en_us', 'Discover the difference that Hudl Assist can make for your team.', '<p>Time is your most valuable asset in coaching–and in life. And that’s the difference that Hudl Assist can make for you and your team. Reinvest your time where it matters most, whether you spend your spare time with your family, have more time with your team or focus your energy on analyzing the data rather than entering it.</p>', '<p><a href=\"https://www.hudl.com/support/v3/breakdown-stats-and-reports/tag-games/tag-video-after-the-game\" class=\"sport\" target=\"_blank\" rel=\"noreferrer noopener\"><img src=\"https://static.hudl.com/craft/icons/sport-svgs/basketball-dark-32.svg\" alt=\"basketball-dark-32.svg\" /></a> <a href=\"https://www.hudl.com/blog/more-insights-with-less-work-thats-the-power-of-assist\" target=\"_blank\" rel=\"noreferrer noopener\">Basketball</a> | <a href=\"https://www.hudl.com/support/v3/breakdown-stats-and-reports/tag-games/tag-video-after-the-match-soccer\" class=\"sport\" target=\"_blank\" rel=\"noreferrer noopener\"><img src=\"https://static.hudl.com/craft/icons/sport-svgs/soccer-dark-32.svg\" alt=\"soccer-dark-32.svg\" /></a> <a href=\"https://www.hudl.com/blog/the-time-saving-tool-you-need-coaches-speak-out-about-hudl-assist\" target=\"_blank\" rel=\"noreferrer noopener\">Soccer</a> </p>\n<p><a href=\"https://www.hudl.com/support/v3/breakdown-stats-and-reports/tag-games/tag-video-after-the-match-vb\" class=\"sport\" target=\"_blank\" rel=\"noreferrer noopener\"><img src=\"https://static.hudl.com/craft/icons/sport-svgs/volleyball-dark-32.svg\" style=\"vertical-align:middle;height:auto;\" alt=\"volleyball-dark-32.svg\" /></a> <a href=\"https://www.hudl.com/blog/free-up-your-time-with-hudl-assist-for-volleyball\" target=\"_blank\" rel=\"noreferrer noopener\">Volleyball</a>  | <a href=\"https://www.hudl.com/products/assist/lacrosse\" class=\"sport\" target=\"_blank\" rel=\"noreferrer noopener\"><img src=\"https://static.hudl.com/craft/icons/sport-svgs/lacrosse-dark-32.svg\" style=\"vertical-align:middle;height:auto;\" alt=\"lacrosse-dark-32.svg\" /></a> <a href=\"https://www.hudl.com/blog/hudl-assist-helps-lacrosse-staff-quickly-uncover-team-deficiencies\" target=\"_blank\" rel=\"noreferrer noopener\">Lacrosse</a></p>', '2017-12-16 19:49:02', '2017-12-16 19:49:02', 'cf8f4cbd-1691-47f6-b871-bb7f54762e79'),
 ('18', '82', 'en_us', 'Get the most out of your data.', '<p>Use Hudl reports to find the information you need to game plan. We’ve come up with some tips and tricks to get the most out of the data you receive from Hudl Assist. Dig deeper to uncover your opponents’ tendencies or self-scout to combat your team’s weaknesses.</p>', '<p><a href=\"https://www.hudl.com/support/v3/breakdown-stats-and-reports/tag-games/tag-video-after-the-game\" class=\"sport\" target=\"_blank\" rel=\"noreferrer noopener\"><img src=\"https://static.hudl.com/craft/icons/sport-svgs/basketball-dark-32.svg\" style=\"vertical-align:middle;height:auto;\" alt=\"basketball-dark-32.svg\" /></a> <a href=\"https://www.hudl.com/blog/get-a-jump-start-with-basketball-reports\" target=\"_blank\" rel=\"noreferrer noopener\">Basketball</a> | <a href=\"https://www.hudl.com/support/v3/breakdown-stats-and-reports/tag-games/tag-video-after-the-match-soccer\" class=\"sport\" target=\"_blank\" rel=\"noreferrer noopener\"><img src=\"https://static.hudl.com/craft/icons/sport-svgs/soccer-dark-32.svg\" style=\"vertical-align:middle;height:auto;\" alt=\"soccer-dark-32.svg\" /></a> <a href=\"https://www.hudl.com/blog/become-a-data-driven-soccer-coach\" target=\"_blank\" rel=\"noreferrer noopener\">Soccer</a> | <a href=\"https://www.hudl.com/support/v3/breakdown-stats-and-reports/tag-games/tag-video-after-the-match-vb\" class=\"sport\" target=\"_blank\" rel=\"noreferrer noopener\"><img src=\"https://static.hudl.com/craft/icons/sport-svgs/volleyball-dark-32.svg\" style=\"vertical-align:middle;height:auto;\" alt=\"volleyball-dark-32.svg\" /></a><a href=\"https://www.hudl.com/blog/hudl-reports-provide-volleyball-coach-fresh-outlook-on-stats\" target=\"_blank\" rel=\"noreferrer noopener\">Volleyball</a> </p>', '2017-12-16 19:49:02', '2017-12-16 19:49:02', '5ef83130-558a-47a3-8271-cccdb5dcfde4');



DROP TABLE IF EXISTS `craft_migrations`;


--
-- Schema for table `craft_migrations`
--
CREATE TABLE `craft_migrations` (
  `id` int(11) NOT NULL AUTO_INCREMENT,
  `pluginId` int(11) DEFAULT NULL,
  `version` varchar(255) COLLATE utf8_unicode_ci NOT NULL,
  `applyTime` datetime NOT NULL,
  `dateCreated` datetime NOT NULL,
  `dateUpdated` datetime NOT NULL,
  `uid` char(36) COLLATE utf8_unicode_ci NOT NULL DEFAULT '0',
  PRIMARY KEY (`id`),
  UNIQUE KEY `craft_migrations_version_unq_idx` (`version`),
  KEY `craft_migrations_pluginId_fk` (`pluginId`)
) ENGINE=InnoDB AUTO_INCREMENT=43 DEFAULT CHARSET=utf8 COLLATE=utf8_unicode_ci;

--
-- Data for table `craft_migrations`
--

INSERT INTO `craft_migrations` (`id`, `pluginId`, `version`, `applyTime`, `dateCreated`, `dateUpdated`, `uid`) VALUES
 ('1', NULL, 'm000000_000000_base', '2017-12-10 19:43:04', '2017-12-10 19:43:04', '2017-12-10 19:43:04', '7ddc2393-03c2-4792-a454-c8296a78dbb1'),
 ('2', NULL, 'm140730_000001_add_filename_and_format_to_transformindex', '2017-12-10 19:43:04', '2017-12-10 19:43:04', '2017-12-10 19:43:04', '8f2ba6fb-14f8-42d2-abcb-c5278f0a28a4'),
 ('3', NULL, 'm140815_000001_add_format_to_transforms', '2017-12-10 19:43:04', '2017-12-10 19:43:04', '2017-12-10 19:43:04', 'e821fd09-22bf-4e8a-b9ef-531da8e9a154'),
 ('4', NULL, 'm140822_000001_allow_more_than_128_items_per_field', '2017-12-10 19:43:04', '2017-12-10 19:43:04', '2017-12-10 19:43:04', 'ba84f195-1c1e-44cb-9fb7-aaab7335b88e'),
 ('5', NULL, 'm140829_000001_single_title_formats', '2017-12-10 19:43:04', '2017-12-10 19:43:04', '2017-12-10 19:43:04', 'f4f7ed03-c0fb-4b75-8ef8-b3de54b040d2'),
 ('6', NULL, 'm140831_000001_extended_cache_keys', '2017-12-10 19:43:04', '2017-12-10 19:43:04', '2017-12-10 19:43:04', '0ccf1cfe-2caa-4a0b-b94c-e5d41a406c50'),
 ('7', NULL, 'm140922_000001_delete_orphaned_matrix_blocks', '2017-12-10 19:43:04', '2017-12-10 19:43:04', '2017-12-10 19:43:04', '07b59bd6-7c7d-4c80-a9bc-a30181ac89a1'),
 ('8', NULL, 'm141008_000001_elements_index_tune', '2017-12-10 19:43:04', '2017-12-10 19:43:04', '2017-12-10 19:43:04', 'aa634a2a-5a9a-4433-8ce1-ab2e252cda49'),
 ('9', NULL, 'm141009_000001_assets_source_handle', '2017-12-10 19:43:04', '2017-12-10 19:43:04', '2017-12-10 19:43:04', 'c729aa47-6f43-40d9-8b72-d0b16a85c8d7'),
 ('10', NULL, 'm141024_000001_field_layout_tabs', '2017-12-10 19:43:04', '2017-12-10 19:43:04', '2017-12-10 19:43:04', '096bec31-0f49-44ab-8954-fae733fd179b'),
 ('11', NULL, 'm141030_000000_plugin_schema_versions', '2017-12-10 19:43:04', '2017-12-10 19:43:04', '2017-12-10 19:43:04', '4e6e580a-d1fd-4160-9f80-78c9cb950d1b'),
 ('12', NULL, 'm141030_000001_drop_structure_move_permission', '2017-12-10 19:43:04', '2017-12-10 19:43:04', '2017-12-10 19:43:04', '92e0744a-203f-4045-bd0e-aec6b187eef4'),
 ('13', NULL, 'm141103_000001_tag_titles', '2017-12-10 19:43:04', '2017-12-10 19:43:04', '2017-12-10 19:43:04', '91cd7872-aeac-4967-bfbb-aecafdd94c46'),
 ('14', NULL, 'm141109_000001_user_status_shuffle', '2017-12-10 19:43:04', '2017-12-10 19:43:04', '2017-12-10 19:43:04', '95c8cc61-84d5-427e-a27b-bc1c791611b0'),
 ('15', NULL, 'm141126_000001_user_week_start_day', '2017-12-10 19:43:04', '2017-12-10 19:43:04', '2017-12-10 19:43:04', '0f170048-e59e-439a-98c2-2d09cab2f217'),
 ('16', NULL, 'm150210_000001_adjust_user_photo_size', '2017-12-10 19:43:04', '2017-12-10 19:43:04', '2017-12-10 19:43:04', '6f8ee2eb-7b92-46c6-8f28-436d17908e8a'),
 ('17', NULL, 'm150724_000001_adjust_quality_settings', '2017-12-10 19:43:04', '2017-12-10 19:43:04', '2017-12-10 19:43:04', 'a6ca7675-1cf0-44cb-98b8-818f5a1c9eed'),
 ('18', NULL, 'm150827_000000_element_index_settings', '2017-12-10 19:43:04', '2017-12-10 19:43:04', '2017-12-10 19:43:04', '65a907f3-2095-44d0-916d-917480be6d19'),
 ('19', NULL, 'm150918_000001_add_colspan_to_widgets', '2017-12-10 19:43:04', '2017-12-10 19:43:04', '2017-12-10 19:43:04', 'f6478c11-2fc5-40bc-bbbe-f5cf0d083dc2'),
 ('20', NULL, 'm151007_000000_clear_asset_caches', '2017-12-10 19:43:04', '2017-12-10 19:43:04', '2017-12-10 19:43:04', 'ebfb3447-39b4-494d-90a9-88d09b6d0958'),
 ('21', NULL, 'm151109_000000_text_url_formats', '2017-12-10 19:43:04', '2017-12-10 19:43:04', '2017-12-10 19:43:04', 'aa611d9e-ba80-45b0-87bb-80d861ad25b9'),
 ('22', NULL, 'm151110_000000_move_logo', '2017-12-10 19:43:04', '2017-12-10 19:43:04', '2017-12-10 19:43:04', '3a8c6d11-099a-4736-be32-eb69f193977b'),
 ('23', NULL, 'm151117_000000_adjust_image_widthheight', '2017-12-10 19:43:04', '2017-12-10 19:43:04', '2017-12-10 19:43:04', '61b63271-1745-4de1-b95f-de020ea63257'),
 ('24', NULL, 'm151127_000000_clear_license_key_status', '2017-12-10 19:43:04', '2017-12-10 19:43:04', '2017-12-10 19:43:04', '89da4c9f-02a5-4a9e-bd66-4bdfaa0f936e'),
 ('25', NULL, 'm151127_000000_plugin_license_keys', '2017-12-10 19:43:04', '2017-12-10 19:43:04', '2017-12-10 19:43:04', 'd5586c96-066d-4d09-a6ec-31ccda266ce6'),
 ('26', NULL, 'm151130_000000_update_pt_widget_feeds', '2017-12-10 19:43:04', '2017-12-10 19:43:04', '2017-12-10 19:43:04', 'da1d7358-25c9-4e88-b169-03726137d3db'),
 ('27', NULL, 'm160114_000000_asset_sources_public_url_default_true', '2017-12-10 19:43:04', '2017-12-10 19:43:04', '2017-12-10 19:43:04', '38f3ac02-d3ae-4749-b204-86dd1731439b'),
 ('28', NULL, 'm160223_000000_sortorder_to_smallint', '2017-12-10 19:43:04', '2017-12-10 19:43:04', '2017-12-10 19:43:04', '2028fd06-9bce-4188-a181-3cc195c7fc88'),
 ('29', NULL, 'm160229_000000_set_default_entry_statuses', '2017-12-10 19:43:04', '2017-12-10 19:43:04', '2017-12-10 19:43:04', '90ec94ea-adc8-49b9-87b5-b4d38d8d005c'),
 ('30', NULL, 'm160304_000000_client_permissions', '2017-12-10 19:43:04', '2017-12-10 19:43:04', '2017-12-10 19:43:04', '71faa41b-34f6-46c2-88a8-c8195ec70865'),
 ('31', NULL, 'm160322_000000_asset_filesize', '2017-12-10 19:43:04', '2017-12-10 19:43:04', '2017-12-10 19:43:04', 'da391a1a-0242-478c-af36-60f4ec16e949'),
 ('32', NULL, 'm160503_000000_orphaned_fieldlayouts', '2017-12-10 19:43:04', '2017-12-10 19:43:04', '2017-12-10 19:43:04', '2fc8e144-f105-43c0-acdb-bdbd3e807d9b'),
 ('33', NULL, 'm160510_000000_tasksettings', '2017-12-10 19:43:04', '2017-12-10 19:43:04', '2017-12-10 19:43:04', '044f88a2-2ff5-4af6-be89-dde314ad56fb'),
 ('34', NULL, 'm160829_000000_pending_user_content_cleanup', '2017-12-10 19:43:04', '2017-12-10 19:43:04', '2017-12-10 19:43:04', 'a53dee4c-1cd8-4bc1-b2f3-ef5661e0d885'),
 ('35', NULL, 'm160830_000000_asset_index_uri_increase', '2017-12-10 19:43:04', '2017-12-10 19:43:04', '2017-12-10 19:43:04', '00a2c744-9fce-4ca1-9bd9-66e6ca5c6661'),
 ('36', NULL, 'm160919_000000_usergroup_handle_title_unique', '2017-12-10 19:43:04', '2017-12-10 19:43:04', '2017-12-10 19:43:04', '5cb93307-3fd3-4ab8-832e-97077127152e'),
 ('37', NULL, 'm161108_000000_new_version_format', '2017-12-10 19:43:04', '2017-12-10 19:43:04', '2017-12-10 19:43:04', '7f7c72fa-9a3e-4656-9c9f-b295450a9474'),
 ('38', NULL, 'm161109_000000_index_shuffle', '2017-12-10 19:43:04', '2017-12-10 19:43:04', '2017-12-10 19:43:04', '17f8a4ca-89bc-4275-8ea3-94696d3de6dc'),
 ('39', NULL, 'm170612_000000_route_index_shuffle', '2017-12-10 19:43:04', '2017-12-10 19:43:04', '2017-12-10 19:43:04', '269c0a21-7a4b-4e04-8434-078f451ee9b9'),
 ('40', NULL, 'm171107_000000_assign_group_permissions', '2017-12-10 19:43:04', '2017-12-10 19:43:04', '2017-12-10 19:43:04', '1c0314c1-5bf7-4b76-8270-4e2b42fe0a79'),
 ('41', NULL, 'm171117_000001_templatecache_index_tune', '2017-12-10 19:43:04', '2017-12-10 19:43:04', '2017-12-10 19:43:04', 'ce44b5e1-7eb4-4684-9e05-43c56de10f7a'),
 ('42', NULL, 'm171204_000001_templatecache_index_tune_deux', '2017-12-10 19:43:04', '2017-12-10 19:43:04', '2017-12-10 19:43:04', '760b2740-b5ea-45d2-817d-1e046b5765a8');



DROP TABLE IF EXISTS `craft_plugins`;


--
-- Schema for table `craft_plugins`
--
CREATE TABLE `craft_plugins` (
  `id` int(11) NOT NULL AUTO_INCREMENT,
  `class` varchar(150) COLLATE utf8_unicode_ci NOT NULL,
  `version` varchar(15) COLLATE utf8_unicode_ci NOT NULL,
  `schemaVersion` varchar(15) COLLATE utf8_unicode_ci DEFAULT NULL,
  `licenseKey` char(24) COLLATE utf8_unicode_ci DEFAULT NULL,
  `licenseKeyStatus` enum('valid','invalid','mismatched','unknown') COLLATE utf8_unicode_ci NOT NULL DEFAULT 'unknown',
  `enabled` tinyint(1) unsigned NOT NULL DEFAULT '0',
  `settings` text COLLATE utf8_unicode_ci,
  `installDate` datetime NOT NULL,
  `dateCreated` datetime NOT NULL,
  `dateUpdated` datetime NOT NULL,
  `uid` char(36) COLLATE utf8_unicode_ci NOT NULL DEFAULT '0',
  PRIMARY KEY (`id`)
) ENGINE=InnoDB DEFAULT CHARSET=utf8 COLLATE=utf8_unicode_ci;

DROP TABLE IF EXISTS `craft_rackspaceaccess`;


--
-- Schema for table `craft_rackspaceaccess`
--
CREATE TABLE `craft_rackspaceaccess` (
  `id` int(11) NOT NULL AUTO_INCREMENT,
  `connectionKey` varchar(255) COLLATE utf8_unicode_ci NOT NULL,
  `token` varchar(255) COLLATE utf8_unicode_ci NOT NULL,
  `storageUrl` varchar(255) COLLATE utf8_unicode_ci NOT NULL,
  `cdnUrl` varchar(255) COLLATE utf8_unicode_ci NOT NULL,
  `dateCreated` datetime NOT NULL,
  `dateUpdated` datetime NOT NULL,
  `uid` char(36) COLLATE utf8_unicode_ci NOT NULL DEFAULT '0',
  PRIMARY KEY (`id`),
  UNIQUE KEY `craft_rackspaceaccess_connectionKey_unq_idx` (`connectionKey`)
) ENGINE=InnoDB DEFAULT CHARSET=utf8 COLLATE=utf8_unicode_ci;

DROP TABLE IF EXISTS `craft_relations`;


--
-- Schema for table `craft_relations`
--
CREATE TABLE `craft_relations` (
  `id` int(11) NOT NULL AUTO_INCREMENT,
  `fieldId` int(11) NOT NULL,
  `sourceId` int(11) NOT NULL,
  `sourceLocale` char(12) COLLATE utf8_unicode_ci DEFAULT NULL,
  `targetId` int(11) NOT NULL,
  `sortOrder` smallint(6) DEFAULT NULL,
  `dateCreated` datetime NOT NULL,
  `dateUpdated` datetime NOT NULL,
  `uid` char(36) COLLATE utf8_unicode_ci NOT NULL DEFAULT '0',
  PRIMARY KEY (`id`),
  UNIQUE KEY `craft_relations_fieldId_sourceId_sourceLocale_targetId_unq_idx` (`fieldId`,`sourceId`,`sourceLocale`,`targetId`),
  KEY `craft_relations_sourceId_fk` (`sourceId`),
  KEY `craft_relations_sourceLocale_fk` (`sourceLocale`),
  KEY `craft_relations_targetId_fk` (`targetId`)
) ENGINE=InnoDB AUTO_INCREMENT=57 DEFAULT CHARSET=utf8 COLLATE=utf8_unicode_ci;

--
-- Data for table `craft_relations`
--

INSERT INTO `craft_relations` (`id`, `fieldId`, `sourceId`, `sourceLocale`, `targetId`, `sortOrder`, `dateCreated`, `dateUpdated`, `uid`) VALUES
 ('35', '18', '52', NULL, '45', '1', '2017-12-16 00:52:41', '2017-12-16 00:52:41', '715c1721-124d-4b11-a726-bedb4dd7bf2e'),
 ('36', '23', '53', NULL, '49', '1', '2017-12-16 00:52:41', '2017-12-16 00:52:41', '9e395df3-575a-4155-847f-4871ce5b4115'),
 ('37', '23', '54', NULL, '50', '1', '2017-12-16 00:52:41', '2017-12-16 00:52:41', '67f25235-37f7-4034-9ac0-6effc2f4cf85'),
 ('38', '23', '55', NULL, '51', '1', '2017-12-16 00:52:41', '2017-12-16 00:52:41', '2958a753-2136-4ce1-aa79-94b88144953e'),
 ('39', '18', '33', NULL, '27', '1', '2017-12-16 00:56:56', '2017-12-16 00:56:56', 'cce1b31a-e568-44ea-b4ae-abad54ba095e'),
 ('40', '23', '34', NULL, '26', '1', '2017-12-16 00:56:56', '2017-12-16 00:56:56', 'a5f30ec8-583b-47c8-8fb9-69faa982409d'),
 ('41', '23', '35', NULL, '25', '1', '2017-12-16 00:56:57', '2017-12-16 00:56:57', 'c4e3050f-c31e-40e9-a954-732c2b02d72a'),
 ('42', '23', '36', NULL, '32', '1', '2017-12-16 00:56:57', '2017-12-16 00:56:57', '4699cf61-0419-4d4f-8947-d9feb54bb70d'),
 ('43', '18', '28', NULL, '27', '1', '2017-12-16 00:57:19', '2017-12-16 00:57:19', '678aa23c-eed9-460d-afa7-1c9ed17f92fc'),
 ('44', '24', '30', NULL, '38', '1', '2017-12-16 00:57:19', '2017-12-16 00:57:19', 'adbe0f82-79da-4804-8437-59c4d4f513cd'),
 ('45', '23', '43', NULL, '40', '1', '2017-12-16 00:57:19', '2017-12-16 00:57:19', '21eac36a-a3ce-4fa9-a56d-05871ef901be'),
 ('46', '23', '44', NULL, '42', '1', '2017-12-16 00:57:19', '2017-12-16 00:57:19', '9f520d3d-b257-4fd4-a0a1-a6ee74b160d4'),
 ('47', '18', '63', NULL, '59', '1', '2017-12-16 19:41:10', '2017-12-16 19:41:10', 'c5e33832-1764-401a-ba59-d3b9f83d8fd4'),
 ('48', '23', '64', NULL, '60', '1', '2017-12-16 19:41:10', '2017-12-16 19:41:10', '84ab9874-c15d-43c8-a488-83bab28ec6a3'),
 ('49', '23', '65', NULL, '61', '1', '2017-12-16 19:41:10', '2017-12-16 19:41:10', 'ada3084b-9ba2-4b63-885d-589d09eebedb'),
 ('50', '23', '66', NULL, '62', '1', '2017-12-16 19:41:10', '2017-12-16 19:41:10', '49fc1410-91bb-4141-8a30-ac73a5a97948'),
 ('51', '18', '77', NULL, '74', '1', '2017-12-16 19:49:01', '2017-12-16 19:49:01', '7fc10401-8376-487b-b909-3078a4372f2b'),
 ('52', '23', '78', NULL, '72', '1', '2017-12-16 19:49:01', '2017-12-16 19:49:01', 'a6a46d46-1a83-4e2b-91cf-b6b32f7b4170'),
 ('53', '23', '79', NULL, '73', '1', '2017-12-16 19:49:02', '2017-12-16 19:49:02', 'fb792753-271d-4ec2-b6b7-0aeffccd69c5'),
 ('54', '23', '80', NULL, '74', '1', '2017-12-16 19:49:02', '2017-12-16 19:49:02', '1d04a4b7-ee85-45fe-b709-f1554ce471fb'),
 ('55', '23', '81', NULL, '75', '1', '2017-12-16 19:49:02', '2017-12-16 19:49:02', '2ac089b0-d4be-4a9c-b339-3bb7acbcaf3d'),
 ('56', '23', '82', NULL, '76', '1', '2017-12-16 19:49:02', '2017-12-16 19:49:02', '9ee0202d-10f3-4471-9aba-f636747da734');



DROP TABLE IF EXISTS `craft_routes`;


--
-- Schema for table `craft_routes`
--
CREATE TABLE `craft_routes` (
  `id` int(11) NOT NULL AUTO_INCREMENT,
  `locale` char(12) COLLATE utf8_unicode_ci DEFAULT NULL,
  `urlParts` varchar(255) COLLATE utf8_unicode_ci NOT NULL,
  `urlPattern` varchar(255) COLLATE utf8_unicode_ci NOT NULL,
  `template` varchar(255) COLLATE utf8_unicode_ci NOT NULL,
  `sortOrder` smallint(6) unsigned DEFAULT NULL,
  `dateCreated` datetime NOT NULL,
  `dateUpdated` datetime NOT NULL,
  `uid` char(36) COLLATE utf8_unicode_ci NOT NULL DEFAULT '0',
  PRIMARY KEY (`id`),
  KEY `craft_routes_locale_idx` (`locale`),
  KEY `craft_routes_urlPattern_idx` (`urlPattern`)
) ENGINE=InnoDB DEFAULT CHARSET=utf8 COLLATE=utf8_unicode_ci;

DROP TABLE IF EXISTS `craft_searchindex`;


--
-- Schema for table `craft_searchindex`
--
CREATE TABLE `craft_searchindex` (
  `elementId` int(11) NOT NULL,
  `attribute` varchar(25) COLLATE utf8_unicode_ci NOT NULL,
  `fieldId` int(11) NOT NULL,
  `locale` char(12) COLLATE utf8_unicode_ci NOT NULL,
  `keywords` text COLLATE utf8_unicode_ci NOT NULL,
  PRIMARY KEY (`elementId`,`attribute`,`fieldId`,`locale`),
  FULLTEXT KEY `craft_searchindex_keywords_idx` (`keywords`)
) ENGINE=MyISAM DEFAULT CHARSET=utf8 COLLATE=utf8_unicode_ci;

--
-- Data for table `craft_searchindex`
--

INSERT INTO `craft_searchindex` (`elementId`, `attribute`, `fieldId`, `locale`, `keywords`) VALUES
 ('1', 'username', '0', 'en_us', ' admin '),
 ('1', 'firstname', '0', 'en_us', ''),
 ('1', 'lastname', '0', 'en_us', ''),
 ('1', 'fullname', '0', 'en_us', ''),
 ('1', 'email', '0', 'en_us', ' dkuz001 gmail com '),
 ('1', 'slug', '0', 'en_us', ''),
 ('28', 'field', '17', 'en_us', ' once your video is uploaded you can start adding comments and drawings and save individual clips and playlists to share with the team '),
 ('25', 'filename', '0', 'en_us', ' instructionblockphoto1 jpg '),
 ('25', 'extension', '0', 'en_us', ' jpg '),
 ('25', 'kind', '0', 'en_us', ' image '),
 ('25', 'slug', '0', 'en_us', ' instruction block photo1 '),
 ('25', 'title', '0', 'en_us', ' instruction block photo1 '),
 ('27', 'title', '0', 'en_us', ' quick guide preview '),
 ('27', 'slug', '0', 'en_us', ' quick guide preview '),
 ('27', 'kind', '0', 'en_us', ' image '),
 ('27', 'filename', '0', 'en_us', ' quickguidepreview png '),
 ('27', 'extension', '0', 'en_us', ' png '),
 ('28', 'field', '18', 'en_us', ' quick guide preview '),
 ('28', 'field', '19', 'en_us', ' create clips from scratch to indicate moments worth review save them to a new or existing playlist to reference in the future or add them as highlights by clicking clips are automatically created anytime a new comment or drawing is added use tags and reports to create stat based clips to bring the numbers to life it all starts with clips learn more about creating clips use clips to build your video library instruction block photo4 bring lessons to life by adding comments and drawings to your video players and coaches can now reply to comments on the video turning the comments into conversations use the arrows spot shadows or freehand drawing tools to show athletes what needs to improve add comments and drawings instruction block photo5 learn more about creating comments and drawings clips are the building blocks of playlists once you create clips of key moments and add comments or drawings click to save them to a new or existing playlist this gives you the option to create a single playlist featuring moments from multiple games playlists can be shared with the whole team custom groups or individuals if other users need to edit playlists or add comments and drawings change their sharing permissions at any time create and share playlists instruction block photo6 learn more about creating playlists learn more about sharing playlists '),
 ('26', 'extension', '0', 'en_us', ' gif '),
 ('26', 'kind', '0', 'en_us', ' image '),
 ('26', 'slug', '0', 'en_us', ' instruction block photo2 '),
 ('26', 'filename', '0', 'en_us', ' instructionblockphoto2 gif '),
 ('5', 'filename', '0', 'en_us', ' screen shot 2017 12 05 at 7 07 13 pm png '),
 ('5', 'extension', '0', 'en_us', ' png '),
 ('5', 'kind', '0', 'en_us', ' image '),
 ('5', 'slug', '0', 'en_us', ' screen shot 2017 12 05 at 7 07 13 pm '),
 ('5', 'title', '0', 'en_us', ' screen shot 2017 12 05 at 7 07 13 pm '),
 ('28', 'slug', '0', 'en_us', ' watch and review video '),
 ('28', 'title', '0', 'en_us', ' watch and review video '),
 ('45', 'extension', '0', 'en_us', ' png '),
 ('45', 'kind', '0', 'en_us', ' image '),
 ('45', 'slug', '0', 'en_us', ' quick guide preview 2 '),
 ('45', 'title', '0', 'en_us', ' quick guide preview 2 '),
 ('44', 'field', '24', 'en_us', ''),
 ('45', 'filename', '0', 'en_us', ' quickguidepreview 2 png '),
 ('30', 'field', '20', 'en_us', ' it all starts with clips '),
 ('30', 'field', '21', 'en_us', ' create clips from scratch to indicate moments worth review save them to a new or existing playlist to reference in the future or add them as highlights by clicking clips are automatically created anytime a new comment or drawing is added use tags and reports to create stat based clips to bring the numbers to life '),
 ('30', 'field', '22', 'en_us', ' learn more about creating clips use clips to build your video library '),
 ('34', 'slug', '0', 'en_us', ''),
 ('35', 'field', '20', 'en_us', ' comment on your video '),
 ('35', 'field', '21', 'en_us', ' have a good or bad play you want to call out click video play the game you uploaded click add a comment and type away save the new clip to a playlist for later review '),
 ('35', 'field', '22', 'en_us', ' learn more about adding comments and drawings learn how to create a playlist with clips '),
 ('34', 'field', '23', 'en_us', ' instruction block photo2 '),
 ('34', 'field', '22', 'en_us', ' learn more about uploading from a computer '),
 ('35', 'field', '23', 'en_us', ' instruction block photo1 '),
 ('33', 'slug', '0', 'en_us', ' get started with hudl '),
 ('33', 'title', '0', 'en_us', ' get started with hudl '),
 ('34', 'field', '20', 'en_us', ' add a video '),
 ('34', 'field', '21', 'en_us', ' likely the main reason you re here click upload drag and drop your video or select the file from your computer add details such as video type or schedule event '),
 ('32', 'title', '0', 'en_us', ' instruction block photo3 '),
 ('32', 'slug', '0', 'en_us', ' instruction block photo3 '),
 ('32', 'extension', '0', 'en_us', ' png '),
 ('32', 'kind', '0', 'en_us', ' image '),
 ('35', 'slug', '0', 'en_us', ''),
 ('32', 'filename', '0', 'en_us', ' instructionblockphoto3 png '),
 ('33', 'field', '17', 'en_us', ' new to hudl and looking for a quick overview of what it s all about get started in three easy steps '),
 ('33', 'field', '18', 'en_us', ' quick guide preview '),
 ('33', 'field', '19', 'en_us', ' likely the main reason you re here click upload drag and drop your video or select the file from your computer add details such as video type or schedule event add a video instruction block photo2 learn more about uploading from a computer have a good or bad play you want to call out click video play the game you uploaded click add a comment and type away save the new clip to a playlist for later review comment on your video instruction block photo1 learn more about adding comments and drawings learn how to create a playlist with clips share the knowledge and the workload hover over team and select manage team fill out the necessary info and click save new member click video to find the video you uploaded hover over the video and click share share video with another coach instruction block photo3 learn how to add your coaches learn how to share your video '),
 ('43', 'field', '24', 'en_us', ''),
 ('30', 'slug', '0', 'en_us', ''),
 ('30', 'field', '23', 'en_us', ''),
 ('30', 'field', '24', 'en_us', ' instruction block photo4 '),
 ('36', 'field', '21', 'en_us', ' share the knowledge and the workload hover over team and select manage team fill out the necessary info and click save new member click video to find the video you uploaded hover over the video and click share '),
 ('36', 'field', '20', 'en_us', ' share video with another coach '),
 ('26', 'title', '0', 'en_us', ' instruction block photo2 '),
 ('36', 'field', '22', 'en_us', ' learn how to add your coaches learn how to share your video '),
 ('36', 'field', '23', 'en_us', ' instruction block photo3 '),
 ('36', 'slug', '0', 'en_us', ''),
 ('38', 'filename', '0', 'en_us', ' instructionblockphoto4 mp4 '),
 ('38', 'extension', '0', 'en_us', ' mp4 '),
 ('38', 'kind', '0', 'en_us', ' video '),
 ('38', 'slug', '0', 'en_us', ' instruction block photo4 '),
 ('38', 'title', '0', 'en_us', ' instruction block photo4 '),
 ('40', 'filename', '0', 'en_us', ' instructionblockphoto5 png '),
 ('40', 'extension', '0', 'en_us', ' png '),
 ('40', 'kind', '0', 'en_us', ' image '),
 ('40', 'slug', '0', 'en_us', ' instruction block photo5 '),
 ('40', 'title', '0', 'en_us', ' instruction block photo5 '),
 ('42', 'filename', '0', 'en_us', ' instructionblockphoto6 png '),
 ('42', 'extension', '0', 'en_us', ' png '),
 ('42', 'kind', '0', 'en_us', ' image '),
 ('42', 'slug', '0', 'en_us', ' instruction block photo6 '),
 ('42', 'title', '0', 'en_us', ' instruction block photo6 '),
 ('43', 'field', '20', 'en_us', ' add comments and drawings '),
 ('43', 'field', '21', 'en_us', ' bring lessons to life by adding comments and drawings to your video players and coaches can now reply to comments on the video turning the comments into conversations use the arrows spot shadows or freehand drawing tools to show athletes what needs to improve '),
 ('43', 'field', '22', 'en_us', ' learn more about creating comments and drawings '),
 ('43', 'field', '23', 'en_us', ' instruction block photo5 '),
 ('43', 'slug', '0', 'en_us', ''),
 ('44', 'field', '20', 'en_us', ' create and share playlists '),
 ('44', 'field', '21', 'en_us', ' clips are the building blocks of playlists once you create clips of key moments and add comments or drawings click to save them to a new or existing playlist this gives you the option to create a single playlist featuring moments from multiple games playlists can be shared with the whole team custom groups or individuals if other users need to edit playlists or add comments and drawings change their sharing permissions at any time '),
 ('44', 'field', '22', 'en_us', ' learn more about creating playlists learn more about sharing playlists '),
 ('44', 'field', '23', 'en_us', ' instruction block photo6 '),
 ('44', 'slug', '0', 'en_us', ''),
 ('50', 'kind', '0', 'en_us', ' image '),
 ('50', 'slug', '0', 'en_us', ' instruction block photo8 '),
 ('50', 'extension', '0', 'en_us', ' gif '),
 ('50', 'filename', '0', 'en_us', ' instructionblockphoto8 gif '),
 ('51', 'kind', '0', 'en_us', ' image '),
 ('51', 'slug', '0', 'en_us', ' instruction block photo9 ');
INSERT INTO `craft_searchindex` (`elementId`, `attribute`, `fieldId`, `locale`, `keywords`) VALUES
 ('51', 'extension', '0', 'en_us', ' png '),
 ('51', 'filename', '0', 'en_us', ' instructionblockphoto9 png '),
 ('52', 'field', '18', 'en_us', ' quick guide preview 2 '),
 ('52', 'field', '17', 'en_us', ' find the best fit for video uploads and learn how to exchange video with teams both on and off hudl '),
 ('49', 'filename', '0', 'en_us', ' instructionblockphoto7 jpg '),
 ('49', 'extension', '0', 'en_us', ' jpg '),
 ('49', 'kind', '0', 'en_us', ' image '),
 ('49', 'slug', '0', 'en_us', ' instruction block photo7 '),
 ('49', 'title', '0', 'en_us', ' instruction block photo7 '),
 ('50', 'title', '0', 'en_us', ' instruction block photo8 '),
 ('51', 'title', '0', 'en_us', ' instruction block photo9 '),
 ('52', 'field', '19', 'en_us', ' when you record with an ipad you re able to upload as the game is happening allowing you to watch the video as soon as the bus ride home even if you don t have access to wi fi you can still record the game and easily upload when you get a connection it s the simplest way to get video on hudl use the hudl app on an ipad or iphone to record select the camera icon from the menu or home page and start recording connect to wi fi as you record to upload the video live if you don t have access to wi fi you can always upload later add details such as video title and type then select or create a schedule entry add video from a mobile device instruction block photo7 learn more about uploading from an ipad or iphone if you prefer recording with your existing camera that s no problem hard drive cameras especially those that record in hd are great when you re done recording just connect the camera to your computer and get that video uploaded to hudl to super simplify the process pop out the camera s sd card and plug that in instead click upload drag and drop your video into the browser or select the file from your computer add details such as video title and type then select or create a schedule entry add video from a computer instruction block photo8 learn more about uploading from a camera gone are the days of driving across state to exchange games with your upcoming opponents with the click of a button you are able to send video to teams on hudl play an opponent who doesn t have hudl download your video and you ll receive an email with a link to forward on pro tip if you re listed as a coach and not a team administrator on hudl you won t see exchanges on your hudl account reach out to a team administrator to exchange the video or to give you access exchange your video with other teams instruction block photo9 learn how to exchange video with hudl teams learn how to download your video to exchange with non hudl teams '),
 ('52', 'slug', '0', 'en_us', ' upload and exchange video '),
 ('52', 'title', '0', 'en_us', ' upload and exchange video '),
 ('53', 'field', '20', 'en_us', ' add video from a mobile device '),
 ('53', 'field', '21', 'en_us', ' when you record with an ipad you re able to upload as the game is happening allowing you to watch the video as soon as the bus ride home even if you don t have access to wi fi you can still record the game and easily upload when you get a connection it s the simplest way to get video on hudl use the hudl app on an ipad or iphone to record select the camera icon from the menu or home page and start recording connect to wi fi as you record to upload the video live if you don t have access to wi fi you can always upload later add details such as video title and type then select or create a schedule entry '),
 ('53', 'field', '22', 'en_us', ' learn more about uploading from an ipad or iphone '),
 ('53', 'field', '23', 'en_us', ' instruction block photo7 '),
 ('53', 'field', '24', 'en_us', ''),
 ('53', 'slug', '0', 'en_us', ''),
 ('54', 'field', '20', 'en_us', ' add video from a computer '),
 ('54', 'field', '21', 'en_us', ' if you prefer recording with your existing camera that s no problem hard drive cameras especially those that record in hd are great when you re done recording just connect the camera to your computer and get that video uploaded to hudl to super simplify the process pop out the camera s sd card and plug that in instead click upload drag and drop your video into the browser or select the file from your computer add details such as video title and type then select or create a schedule entry '),
 ('54', 'field', '22', 'en_us', ' learn more about uploading from a camera '),
 ('54', 'field', '23', 'en_us', ' instruction block photo8 '),
 ('54', 'field', '24', 'en_us', ''),
 ('54', 'slug', '0', 'en_us', ''),
 ('55', 'field', '20', 'en_us', ' exchange your video with other teams '),
 ('55', 'field', '21', 'en_us', ' gone are the days of driving across state to exchange games with your upcoming opponents with the click of a button you are able to send video to teams on hudl play an opponent who doesn t have hudl download your video and you ll receive an email with a link to forward on pro tip if you re listed as a coach and not a team administrator on hudl you won t see exchanges on your hudl account reach out to a team administrator to exchange the video or to give you access '),
 ('55', 'field', '22', 'en_us', ' learn how to exchange video with hudl teams learn how to download your video to exchange with non hudl teams '),
 ('55', 'field', '23', 'en_us', ' instruction block photo9 '),
 ('55', 'field', '24', 'en_us', ''),
 ('55', 'slug', '0', 'en_us', ''),
 ('52', 'field', '25', 'en_us', ' 2 '),
 ('33', 'field', '25', 'en_us', ' 1 '),
 ('34', 'field', '24', 'en_us', ''),
 ('35', 'field', '24', 'en_us', ''),
 ('36', 'field', '24', 'en_us', ''),
 ('28', 'field', '25', 'en_us', ' 3 '),
 ('61', 'kind', '0', 'en_us', ' image '),
 ('61', 'slug', '0', 'en_us', ' instruction block photo11 '),
 ('61', 'extension', '0', 'en_us', ' png '),
 ('61', 'filename', '0', 'en_us', ' instructionblockphoto11 png '),
 ('62', 'kind', '0', 'en_us', ' image '),
 ('62', 'slug', '0', 'en_us', ' instruction block photo12 '),
 ('62', 'extension', '0', 'en_us', ' png '),
 ('62', 'filename', '0', 'en_us', ' instructionblockphoto12 png '),
 ('63', 'field', '17', 'en_us', ' help your team get the most out of hudl by adding your coaches and athletes to the account share video coaching points and your schedule to take your team to the next level '),
 ('59', 'filename', '0', 'en_us', ' quickguidepreview 3 png '),
 ('59', 'extension', '0', 'en_us', ' png '),
 ('59', 'kind', '0', 'en_us', ' image '),
 ('59', 'slug', '0', 'en_us', ' quick guide preview 3 '),
 ('59', 'title', '0', 'en_us', ' quick guide preview 3 '),
 ('60', 'filename', '0', 'en_us', ' instructionblockphoto10 png '),
 ('60', 'extension', '0', 'en_us', ' png '),
 ('60', 'kind', '0', 'en_us', ' image '),
 ('60', 'slug', '0', 'en_us', ' instruction block photo10 '),
 ('60', 'title', '0', 'en_us', ' instruction block photo10 '),
 ('61', 'title', '0', 'en_us', ' instruction block photo11 '),
 ('62', 'title', '0', 'en_us', ' instruction block photo12 '),
 ('63', 'field', '18', 'en_us', ' quick guide preview 3 '),
 ('63', 'field', '25', 'en_us', ' 3 '),
 ('63', 'field', '19', 'en_us', ' keep your team in the know by adding your season schedule to hudl adding your schedule also makes it easier to organize your video choose a schedule event under video details when uploading add your schedule instruction block photo10 create a new season to get started learn how to add events to your schedule give your coaches access to hudl and allow them to update the roster add video to the account or exchange games with your opponents add your athletes to hudl so they can see video and coaching points to help them learn from their mistakes with access to video editing tools athletes can create highlights to share with family friends and recruiters add your coaches and athletes instruction block photo11 learn how to add your coaches learn how to add your athletes keep the team organized and in the know by sending messages in the hudl app or on hudl com recipients will get a notification of your message on their devices you can share video with individual athletes or coaches or custom groups send messages and share video instruction block photo12 learn how to share video and set video permissions learn how to message your team '),
 ('63', 'slug', '0', 'en_us', ' get your team involved '),
 ('63', 'title', '0', 'en_us', ' get your team involved '),
 ('64', 'field', '20', 'en_us', ' add your schedule '),
 ('64', 'field', '21', 'en_us', ' keep your team in the know by adding your season schedule to hudl adding your schedule also makes it easier to organize your video choose a schedule event under video details when uploading '),
 ('64', 'field', '22', 'en_us', ' create a new season to get started learn how to add events to your schedule '),
 ('64', 'field', '23', 'en_us', ' instruction block photo10 '),
 ('64', 'field', '24', 'en_us', ''),
 ('64', 'slug', '0', 'en_us', ''),
 ('65', 'field', '20', 'en_us', ' add your coaches and athletes '),
 ('65', 'field', '21', 'en_us', ' give your coaches access to hudl and allow them to update the roster add video to the account or exchange games with your opponents add your athletes to hudl so they can see video and coaching points to help them learn from their mistakes with access to video editing tools athletes can create highlights to share with family friends and recruiters '),
 ('65', 'field', '22', 'en_us', ' learn how to add your coaches learn how to add your athletes '),
 ('65', 'field', '23', 'en_us', ' instruction block photo11 '),
 ('65', 'field', '24', 'en_us', ''),
 ('65', 'slug', '0', 'en_us', ''),
 ('66', 'field', '20', 'en_us', ' send messages and share video '),
 ('66', 'field', '21', 'en_us', ' keep the team organized and in the know by sending messages in the hudl app or on hudl com recipients will get a notification of your message on their devices you can share video with individual athletes or coaches or custom groups '),
 ('66', 'field', '22', 'en_us', ' learn how to share video and set video permissions learn how to message your team '),
 ('66', 'field', '23', 'en_us', ' instruction block photo12 '),
 ('66', 'field', '24', 'en_us', ''),
 ('66', 'slug', '0', 'en_us', ''),
 ('73', 'kind', '0', 'en_us', ' image '),
 ('73', 'slug', '0', 'en_us', ' instruction block photo14 '),
 ('73', 'extension', '0', 'en_us', ' png '),
 ('73', 'filename', '0', 'en_us', ' instructionblockphoto14 png '),
 ('74', 'kind', '0', 'en_us', ' image '),
 ('74', 'slug', '0', 'en_us', ' instruction block photo15 '),
 ('74', 'extension', '0', 'en_us', ' png '),
 ('74', 'filename', '0', 'en_us', ' instructionblockphoto15 png '),
 ('75', 'kind', '0', 'en_us', ' image '),
 ('75', 'slug', '0', 'en_us', ' instruction block photo16 '),
 ('75', 'extension', '0', 'en_us', ' png '),
 ('75', 'filename', '0', 'en_us', ' instructionblockphoto16 png '),
 ('76', 'kind', '0', 'en_us', ' image '),
 ('76', 'slug', '0', 'en_us', ' instruction block photo17 '),
 ('76', 'extension', '0', 'en_us', ' png '),
 ('76', 'filename', '0', 'en_us', ' instructionblockphoto17 png '),
 ('77', 'field', '18', 'en_us', ' instruction block photo15 '),
 ('77', 'field', '17', 'en_us', ' take a deeper look at the data you receive with hudl assist plus tips and tricks to help uncover insights ');
INSERT INTO `craft_searchindex` (`elementId`, `attribute`, `fieldId`, `locale`, `keywords`) VALUES
 ('72', 'filename', '0', 'en_us', ' instructionblockphoto13 png '),
 ('72', 'extension', '0', 'en_us', ' png '),
 ('72', 'kind', '0', 'en_us', ' image '),
 ('72', 'slug', '0', 'en_us', ' instruction block photo13 '),
 ('72', 'title', '0', 'en_us', ' instruction block photo13 '),
 ('73', 'title', '0', 'en_us', ' instruction block photo14 '),
 ('74', 'title', '0', 'en_us', ' instruction block photo15 '),
 ('75', 'title', '0', 'en_us', ' instruction block photo16 '),
 ('76', 'title', '0', 'en_us', ' instruction block photo17 '),
 ('77', 'field', '25', 'en_us', ' 10 '),
 ('77', 'field', '19', 'en_us', ' when you send games to hudl assist we want to make sure you receive the best breakdowns but our analysts can t tag what they can t see that s why it s important to follow a few guidelines when it comes to recording your games record in hd take shots of the scoreboard throughout the game or just check out our full list of recording tips before your game record like the pros instruction block photo13 basketball soccer volleyball once you ve uploaded your game or received video from opponents send it off to our analysts to be broken down select one or more videos in your library and click send to assist if it s an opponent scout video select which team should be scouted as offense add jersey colors for each team leave a note for the analyst if there are missing clips or recording errors any additional information that ll help our analysts accurately break down the video once your breakdown is complete you ll receive an email from our analysts submit your games to hudl assist instruction block photo14 learn how to submit games to assist curious what information you ll receive from hudl assist take a deeper look at how our analysts break down your video learn more about the data you receive instruction block photo15 basketball soccer time is your most valuable asset in coaching and in life and that s the difference that hudl assist can make for you and your team reinvest your time where it matters most whether you spend your spare time with your family have more time with your team or focus your energy on analyzing the data rather than entering it discover the difference that hudl assist can make for your team instruction block photo16 basketball soccer volleyball lacrosse use hudl reports to find the information you need to game plan we ve come up with some tips and tricks to get the most out of the data you receive from hudl assist dig deeper to uncover your opponents tendencies or self scout to combat your team s weaknesses get the most out of your data instruction block photo17 basketball soccer volleyball '),
 ('77', 'slug', '0', 'en_us', ' hudl assist '),
 ('77', 'title', '0', 'en_us', ' hudl assist '),
 ('78', 'field', '20', 'en_us', ' record like the pros '),
 ('78', 'field', '21', 'en_us', ' when you send games to hudl assist we want to make sure you receive the best breakdowns but our analysts can t tag what they can t see that s why it s important to follow a few guidelines when it comes to recording your games record in hd take shots of the scoreboard throughout the game or just check out our full list of recording tips before your game '),
 ('78', 'field', '22', 'en_us', '  basketball soccer volleyball  '),
 ('78', 'field', '23', 'en_us', ' instruction block photo13 '),
 ('78', 'field', '24', 'en_us', ''),
 ('78', 'slug', '0', 'en_us', ''),
 ('79', 'field', '20', 'en_us', ' submit your games to hudl assist '),
 ('79', 'field', '21', 'en_us', ' once you ve uploaded your game or received video from opponents send it off to our analysts to be broken down select one or more videos in your library and click send to assist if it s an opponent scout video select which team should be scouted as offense add jersey colors for each team leave a note for the analyst if there are missing clips or recording errors any additional information that ll help our analysts accurately break down the video once your breakdown is complete you ll receive an email from our analysts '),
 ('79', 'field', '22', 'en_us', ' learn how to submit games to assist '),
 ('79', 'field', '23', 'en_us', ' instruction block photo14 '),
 ('79', 'field', '24', 'en_us', ''),
 ('79', 'slug', '0', 'en_us', ''),
 ('80', 'field', '20', 'en_us', ' learn more about the data you receive '),
 ('80', 'field', '21', 'en_us', ' curious what information you ll receive from hudl assist take a deeper look at how our analysts break down your video '),
 ('80', 'field', '22', 'en_us', '  basketball soccer  '),
 ('80', 'field', '23', 'en_us', ' instruction block photo15 '),
 ('80', 'field', '24', 'en_us', ''),
 ('80', 'slug', '0', 'en_us', ''),
 ('81', 'field', '20', 'en_us', ' discover the difference that hudl assist can make for your team '),
 ('81', 'field', '21', 'en_us', ' time is your most valuable asset in coaching and in life and that s the difference that hudl assist can make for you and your team reinvest your time where it matters most whether you spend your spare time with your family have more time with your team or focus your energy on analyzing the data rather than entering it '),
 ('81', 'field', '22', 'en_us', '  basketball soccer volleyball lacrosse '),
 ('81', 'field', '23', 'en_us', ' instruction block photo16 '),
 ('81', 'field', '24', 'en_us', ''),
 ('81', 'slug', '0', 'en_us', ''),
 ('82', 'field', '20', 'en_us', ' get the most out of your data '),
 ('82', 'field', '21', 'en_us', ' use hudl reports to find the information you need to game plan we ve come up with some tips and tricks to get the most out of the data you receive from hudl assist dig deeper to uncover your opponents tendencies or self scout to combat your team s weaknesses '),
 ('82', 'field', '22', 'en_us', '  basketball soccer volleyball  '),
 ('82', 'field', '23', 'en_us', ' instruction block photo17 '),
 ('82', 'field', '24', 'en_us', ''),
 ('82', 'slug', '0', 'en_us', '');



DROP TABLE IF EXISTS `craft_sections`;


--
-- Schema for table `craft_sections`
--
CREATE TABLE `craft_sections` (
  `id` int(11) NOT NULL AUTO_INCREMENT,
  `structureId` int(11) DEFAULT NULL,
  `name` varchar(255) COLLATE utf8_unicode_ci NOT NULL,
  `handle` varchar(255) COLLATE utf8_unicode_ci NOT NULL,
  `type` enum('single','channel','structure') COLLATE utf8_unicode_ci NOT NULL DEFAULT 'channel',
  `hasUrls` tinyint(1) unsigned NOT NULL DEFAULT '1',
  `template` varchar(500) COLLATE utf8_unicode_ci DEFAULT NULL,
  `enableVersioning` tinyint(1) unsigned NOT NULL DEFAULT '0',
  `dateCreated` datetime NOT NULL,
  `dateUpdated` datetime NOT NULL,
  `uid` char(36) COLLATE utf8_unicode_ci NOT NULL DEFAULT '0',
  PRIMARY KEY (`id`),
  UNIQUE KEY `craft_sections_name_unq_idx` (`name`),
  UNIQUE KEY `craft_sections_handle_unq_idx` (`handle`),
  KEY `craft_sections_structureId_fk` (`structureId`)
) ENGINE=InnoDB AUTO_INCREMENT=6 DEFAULT CHARSET=utf8 COLLATE=utf8_unicode_ci;

--
-- Data for table `craft_sections`
--

INSERT INTO `craft_sections` (`id`, `structureId`, `name`, `handle`, `type`, `hasUrls`, `template`, `enableVersioning`, `dateCreated`, `dateUpdated`, `uid`) VALUES
 ('5', NULL, 'Guides', 'guides', 'channel', '1', 'guides/_entry', '1', '2017-12-11 22:09:32', '2017-12-11 22:09:32', '55172717-6e3f-44ac-8ac8-14f7c17bff1c');



DROP TABLE IF EXISTS `craft_sections_i18n`;


--
-- Schema for table `craft_sections_i18n`
--
CREATE TABLE `craft_sections_i18n` (
  `id` int(11) NOT NULL AUTO_INCREMENT,
  `sectionId` int(11) NOT NULL,
  `locale` char(12) COLLATE utf8_unicode_ci NOT NULL,
  `enabledByDefault` tinyint(1) unsigned NOT NULL DEFAULT '1',
  `urlFormat` text COLLATE utf8_unicode_ci,
  `nestedUrlFormat` text COLLATE utf8_unicode_ci,
  `dateCreated` datetime NOT NULL,
  `dateUpdated` datetime NOT NULL,
  `uid` char(36) COLLATE utf8_unicode_ci NOT NULL DEFAULT '0',
  PRIMARY KEY (`id`),
  UNIQUE KEY `craft_sections_i18n_sectionId_locale_unq_idx` (`sectionId`,`locale`),
  KEY `craft_sections_i18n_locale_fk` (`locale`)
) ENGINE=InnoDB AUTO_INCREMENT=6 DEFAULT CHARSET=utf8 COLLATE=utf8_unicode_ci;

--
-- Data for table `craft_sections_i18n`
--

INSERT INTO `craft_sections_i18n` (`id`, `sectionId`, `locale`, `enabledByDefault`, `urlFormat`, `nestedUrlFormat`, `dateCreated`, `dateUpdated`, `uid`) VALUES
 ('5', '5', 'en_us', '1', 'guides/{slug}', NULL, '2017-12-11 22:09:33', '2017-12-11 22:09:33', 'c8c3937d-9688-4874-9d67-acbacf7c4ab4');



DROP TABLE IF EXISTS `craft_sessions`;


--
-- Schema for table `craft_sessions`
--
CREATE TABLE `craft_sessions` (
  `id` int(11) NOT NULL AUTO_INCREMENT,
  `userId` int(11) NOT NULL,
  `token` char(100) COLLATE utf8_unicode_ci NOT NULL,
  `dateCreated` datetime NOT NULL,
  `dateUpdated` datetime NOT NULL,
  `uid` char(36) COLLATE utf8_unicode_ci NOT NULL DEFAULT '0',
  PRIMARY KEY (`id`),
  KEY `craft_sessions_uid_idx` (`uid`),
  KEY `craft_sessions_token_idx` (`token`),
  KEY `craft_sessions_dateUpdated_idx` (`dateUpdated`),
  KEY `craft_sessions_userId_fk` (`userId`)
) ENGINE=InnoDB AUTO_INCREMENT=12 DEFAULT CHARSET=utf8 COLLATE=utf8_unicode_ci;

DROP TABLE IF EXISTS `craft_shunnedmessages`;


--
-- Schema for table `craft_shunnedmessages`
--
CREATE TABLE `craft_shunnedmessages` (
  `id` int(11) NOT NULL AUTO_INCREMENT,
  `userId` int(11) NOT NULL,
  `message` varchar(255) COLLATE utf8_unicode_ci NOT NULL,
  `expiryDate` datetime DEFAULT NULL,
  `dateCreated` datetime NOT NULL,
  `dateUpdated` datetime NOT NULL,
  `uid` char(36) COLLATE utf8_unicode_ci NOT NULL DEFAULT '0',
  PRIMARY KEY (`id`),
  UNIQUE KEY `craft_shunnedmessages_userId_message_unq_idx` (`userId`,`message`)
) ENGINE=InnoDB DEFAULT CHARSET=utf8 COLLATE=utf8_unicode_ci;

DROP TABLE IF EXISTS `craft_structureelements`;


--
-- Schema for table `craft_structureelements`
--
CREATE TABLE `craft_structureelements` (
  `id` int(11) NOT NULL AUTO_INCREMENT,
  `structureId` int(11) NOT NULL,
  `elementId` int(11) DEFAULT NULL,
  `root` int(11) unsigned DEFAULT NULL,
  `lft` int(11) unsigned NOT NULL,
  `rgt` int(11) unsigned NOT NULL,
  `level` smallint(6) unsigned NOT NULL,
  `dateCreated` datetime NOT NULL,
  `dateUpdated` datetime NOT NULL,
  `uid` char(36) COLLATE utf8_unicode_ci NOT NULL DEFAULT '0',
  PRIMARY KEY (`id`),
  UNIQUE KEY `craft_structureelements_structureId_elementId_unq_idx` (`structureId`,`elementId`),
  KEY `craft_structureelements_root_idx` (`root`),
  KEY `craft_structureelements_lft_idx` (`lft`),
  KEY `craft_structureelements_rgt_idx` (`rgt`),
  KEY `craft_structureelements_level_idx` (`level`),
  KEY `craft_structureelements_elementId_fk` (`elementId`)
) ENGINE=InnoDB DEFAULT CHARSET=utf8 COLLATE=utf8_unicode_ci;

DROP TABLE IF EXISTS `craft_structures`;


--
-- Schema for table `craft_structures`
--
CREATE TABLE `craft_structures` (
  `id` int(11) NOT NULL AUTO_INCREMENT,
  `maxLevels` smallint(6) unsigned DEFAULT NULL,
  `dateCreated` datetime NOT NULL,
  `dateUpdated` datetime NOT NULL,
  `uid` char(36) COLLATE utf8_unicode_ci NOT NULL DEFAULT '0',
  PRIMARY KEY (`id`)
) ENGINE=InnoDB DEFAULT CHARSET=utf8 COLLATE=utf8_unicode_ci;

DROP TABLE IF EXISTS `craft_systemsettings`;


--
-- Schema for table `craft_systemsettings`
--
CREATE TABLE `craft_systemsettings` (
  `id` int(11) NOT NULL AUTO_INCREMENT,
  `category` varchar(15) COLLATE utf8_unicode_ci NOT NULL,
  `settings` text COLLATE utf8_unicode_ci,
  `dateCreated` datetime NOT NULL,
  `dateUpdated` datetime NOT NULL,
  `uid` char(36) COLLATE utf8_unicode_ci NOT NULL DEFAULT '0',
  PRIMARY KEY (`id`),
  UNIQUE KEY `craft_systemsettings_category_unq_idx` (`category`)
) ENGINE=InnoDB AUTO_INCREMENT=2 DEFAULT CHARSET=utf8 COLLATE=utf8_unicode_ci;

--
-- Data for table `craft_systemsettings`
--

INSERT INTO `craft_systemsettings` (`id`, `category`, `settings`, `dateCreated`, `dateUpdated`, `uid`) VALUES
 ('1', 'email', '{\"protocol\":\"php\",\"emailAddress\":\"dkuz001@gmail.com\",\"senderName\":\"Hudl Project\"}', '2017-12-10 19:43:12', '2017-12-10 19:43:12', 'd79b81c8-c810-4856-a6e2-60124a36ebd1');



DROP TABLE IF EXISTS `craft_taggroups`;


--
-- Schema for table `craft_taggroups`
--
CREATE TABLE `craft_taggroups` (
  `id` int(11) NOT NULL AUTO_INCREMENT,
  `name` varchar(255) COLLATE utf8_unicode_ci NOT NULL,
  `handle` varchar(255) COLLATE utf8_unicode_ci NOT NULL,
  `fieldLayoutId` int(10) DEFAULT NULL,
  `dateCreated` datetime NOT NULL,
  `dateUpdated` datetime NOT NULL,
  `uid` char(36) COLLATE utf8_unicode_ci NOT NULL DEFAULT '0',
  PRIMARY KEY (`id`),
  UNIQUE KEY `craft_taggroups_name_unq_idx` (`name`),
  UNIQUE KEY `craft_taggroups_handle_unq_idx` (`handle`),
  KEY `craft_taggroups_fieldLayoutId_fk` (`fieldLayoutId`)
) ENGINE=InnoDB AUTO_INCREMENT=2 DEFAULT CHARSET=utf8 COLLATE=utf8_unicode_ci;

--
-- Data for table `craft_taggroups`
--

INSERT INTO `craft_taggroups` (`id`, `name`, `handle`, `fieldLayoutId`, `dateCreated`, `dateUpdated`, `uid`) VALUES
 ('1', 'Default', 'default', '1', '2017-12-10 19:43:12', '2017-12-10 19:43:12', '36ab1c19-7f18-4195-bf24-ed7c3acb0301');



DROP TABLE IF EXISTS `craft_tags`;


--
-- Schema for table `craft_tags`
--
CREATE TABLE `craft_tags` (
  `id` int(11) NOT NULL,
  `groupId` int(11) NOT NULL,
  `dateCreated` datetime NOT NULL,
  `dateUpdated` datetime NOT NULL,
  `uid` char(36) COLLATE utf8_unicode_ci NOT NULL DEFAULT '0',
  PRIMARY KEY (`id`),
  KEY `craft_tags_groupId_fk` (`groupId`)
) ENGINE=InnoDB DEFAULT CHARSET=utf8 COLLATE=utf8_unicode_ci;

DROP TABLE IF EXISTS `craft_tasks`;


--
-- Schema for table `craft_tasks`
--
CREATE TABLE `craft_tasks` (
  `id` int(11) NOT NULL AUTO_INCREMENT,
  `root` int(11) unsigned DEFAULT NULL,
  `lft` int(11) unsigned NOT NULL,
  `rgt` int(11) unsigned NOT NULL,
  `level` smallint(6) unsigned NOT NULL,
  `currentStep` int(11) unsigned DEFAULT NULL,
  `totalSteps` int(11) unsigned DEFAULT NULL,
  `status` enum('pending','error','running') COLLATE utf8_unicode_ci DEFAULT NULL,
  `type` varchar(150) COLLATE utf8_unicode_ci NOT NULL,
  `description` varchar(255) COLLATE utf8_unicode_ci DEFAULT NULL,
  `settings` mediumtext COLLATE utf8_unicode_ci,
  `dateCreated` datetime NOT NULL,
  `dateUpdated` datetime NOT NULL,
  `uid` char(36) COLLATE utf8_unicode_ci NOT NULL DEFAULT '0',
  PRIMARY KEY (`id`),
  KEY `craft_tasks_root_idx` (`root`),
  KEY `craft_tasks_lft_idx` (`lft`),
  KEY `craft_tasks_rgt_idx` (`rgt`),
  KEY `craft_tasks_level_idx` (`level`)
) ENGINE=InnoDB DEFAULT CHARSET=utf8 COLLATE=utf8_unicode_ci;

DROP TABLE IF EXISTS `craft_templatecachecriteria`;


--
-- Schema for table `craft_templatecachecriteria`
--
CREATE TABLE `craft_templatecachecriteria` (
  `id` int(11) NOT NULL AUTO_INCREMENT,
  `cacheId` int(11) NOT NULL,
  `type` varchar(150) COLLATE utf8_unicode_ci NOT NULL,
  `criteria` text COLLATE utf8_unicode_ci NOT NULL,
  PRIMARY KEY (`id`),
  KEY `craft_templatecachecriteria_cacheId_fk` (`cacheId`),
  KEY `craft_templatecachecriteria_type_idx` (`type`)
) ENGINE=InnoDB DEFAULT CHARSET=utf8 COLLATE=utf8_unicode_ci;

DROP TABLE IF EXISTS `craft_templatecacheelements`;


--
-- Schema for table `craft_templatecacheelements`
--
CREATE TABLE `craft_templatecacheelements` (
  `cacheId` int(11) NOT NULL,
  `elementId` int(11) NOT NULL,
  KEY `craft_templatecacheelements_cacheId_fk` (`cacheId`),
  KEY `craft_templatecacheelements_elementId_fk` (`elementId`)
) ENGINE=InnoDB DEFAULT CHARSET=utf8 COLLATE=utf8_unicode_ci;

DROP TABLE IF EXISTS `craft_templatecaches`;


--
-- Schema for table `craft_templatecaches`
--
CREATE TABLE `craft_templatecaches` (
  `id` int(11) NOT NULL AUTO_INCREMENT,
  `cacheKey` varchar(255) COLLATE utf8_unicode_ci NOT NULL,
  `locale` char(12) COLLATE utf8_unicode_ci NOT NULL,
  `path` varchar(255) COLLATE utf8_unicode_ci DEFAULT NULL,
  `expiryDate` datetime NOT NULL,
  `body` mediumtext COLLATE utf8_unicode_ci NOT NULL,
  PRIMARY KEY (`id`),
  KEY `craft_templatecaches_cacheKey_locale_expiryDate_path_idx` (`cacheKey`,`locale`,`expiryDate`,`path`),
  KEY `craft_templatecaches_cacheKey_locale_expiryDate_idx` (`cacheKey`,`locale`,`expiryDate`),
  KEY `craft_templatecaches_locale_fk` (`locale`)
) ENGINE=InnoDB DEFAULT CHARSET=utf8 COLLATE=utf8_unicode_ci;

DROP TABLE IF EXISTS `craft_tokens`;


--
-- Schema for table `craft_tokens`
--
CREATE TABLE `craft_tokens` (
  `id` int(11) NOT NULL AUTO_INCREMENT,
  `token` char(32) COLLATE utf8_unicode_ci NOT NULL,
  `route` text COLLATE utf8_unicode_ci,
  `usageLimit` tinyint(3) unsigned DEFAULT NULL,
  `usageCount` tinyint(3) unsigned DEFAULT NULL,
  `expiryDate` datetime NOT NULL,
  `dateCreated` datetime NOT NULL,
  `dateUpdated` datetime NOT NULL,
  `uid` char(36) COLLATE utf8_unicode_ci NOT NULL DEFAULT '0',
  PRIMARY KEY (`id`),
  UNIQUE KEY `craft_tokens_token_unq_idx` (`token`),
  KEY `craft_tokens_expiryDate_idx` (`expiryDate`)
) ENGINE=InnoDB DEFAULT CHARSET=utf8 COLLATE=utf8_unicode_ci;

DROP TABLE IF EXISTS `craft_usergroups`;


--
-- Schema for table `craft_usergroups`
--
CREATE TABLE `craft_usergroups` (
  `id` int(11) NOT NULL AUTO_INCREMENT,
  `name` varchar(255) COLLATE utf8_unicode_ci NOT NULL,
  `handle` varchar(255) COLLATE utf8_unicode_ci NOT NULL,
  `dateCreated` datetime NOT NULL,
  `dateUpdated` datetime NOT NULL,
  `uid` char(36) COLLATE utf8_unicode_ci NOT NULL DEFAULT '0',
  PRIMARY KEY (`id`),
  UNIQUE KEY `craft_usergroups_name_unq_idx` (`name`),
  UNIQUE KEY `craft_usergroups_handle_unq_idx` (`handle`)
) ENGINE=InnoDB DEFAULT CHARSET=utf8 COLLATE=utf8_unicode_ci;

DROP TABLE IF EXISTS `craft_usergroups_users`;


--
-- Schema for table `craft_usergroups_users`
--
CREATE TABLE `craft_usergroups_users` (
  `id` int(11) NOT NULL AUTO_INCREMENT,
  `groupId` int(11) NOT NULL,
  `userId` int(11) NOT NULL,
  `dateCreated` datetime NOT NULL,
  `dateUpdated` datetime NOT NULL,
  `uid` char(36) COLLATE utf8_unicode_ci NOT NULL DEFAULT '0',
  PRIMARY KEY (`id`),
  UNIQUE KEY `craft_usergroups_users_groupId_userId_unq_idx` (`groupId`,`userId`),
  KEY `craft_usergroups_users_userId_fk` (`userId`)
) ENGINE=InnoDB DEFAULT CHARSET=utf8 COLLATE=utf8_unicode_ci;

DROP TABLE IF EXISTS `craft_userpermissions`;


--
-- Schema for table `craft_userpermissions`
--
CREATE TABLE `craft_userpermissions` (
  `id` int(11) NOT NULL AUTO_INCREMENT,
  `name` varchar(255) COLLATE utf8_unicode_ci NOT NULL,
  `dateCreated` datetime NOT NULL,
  `dateUpdated` datetime NOT NULL,
  `uid` char(36) COLLATE utf8_unicode_ci NOT NULL DEFAULT '0',
  PRIMARY KEY (`id`),
  UNIQUE KEY `craft_userpermissions_name_unq_idx` (`name`)
) ENGINE=InnoDB DEFAULT CHARSET=utf8 COLLATE=utf8_unicode_ci;

DROP TABLE IF EXISTS `craft_userpermissions_usergroups`;


--
-- Schema for table `craft_userpermissions_usergroups`
--
CREATE TABLE `craft_userpermissions_usergroups` (
  `id` int(11) NOT NULL AUTO_INCREMENT,
  `permissionId` int(11) NOT NULL,
  `groupId` int(11) NOT NULL,
  `dateCreated` datetime NOT NULL,
  `dateUpdated` datetime NOT NULL,
  `uid` char(36) COLLATE utf8_unicode_ci NOT NULL DEFAULT '0',
  PRIMARY KEY (`id`),
  UNIQUE KEY `craft_userpermissions_usergroups_permissionId_groupId_unq_idx` (`permissionId`,`groupId`),
  KEY `craft_userpermissions_usergroups_groupId_fk` (`groupId`)
) ENGINE=InnoDB DEFAULT CHARSET=utf8 COLLATE=utf8_unicode_ci;

DROP TABLE IF EXISTS `craft_userpermissions_users`;


--
-- Schema for table `craft_userpermissions_users`
--
CREATE TABLE `craft_userpermissions_users` (
  `id` int(11) NOT NULL AUTO_INCREMENT,
  `permissionId` int(11) NOT NULL,
  `userId` int(11) NOT NULL,
  `dateCreated` datetime NOT NULL,
  `dateUpdated` datetime NOT NULL,
  `uid` char(36) COLLATE utf8_unicode_ci NOT NULL DEFAULT '0',
  PRIMARY KEY (`id`),
  UNIQUE KEY `craft_userpermissions_users_permissionId_userId_unq_idx` (`permissionId`,`userId`),
  KEY `craft_userpermissions_users_userId_fk` (`userId`)
) ENGINE=InnoDB DEFAULT CHARSET=utf8 COLLATE=utf8_unicode_ci;

DROP TABLE IF EXISTS `craft_users`;


--
-- Schema for table `craft_users`
--
CREATE TABLE `craft_users` (
  `id` int(11) NOT NULL,
  `username` varchar(100) COLLATE utf8_unicode_ci NOT NULL,
  `photo` varchar(100) COLLATE utf8_unicode_ci DEFAULT NULL,
  `firstName` varchar(100) COLLATE utf8_unicode_ci DEFAULT NULL,
  `lastName` varchar(100) COLLATE utf8_unicode_ci DEFAULT NULL,
  `email` varchar(255) COLLATE utf8_unicode_ci NOT NULL,
  `password` char(255) COLLATE utf8_unicode_ci DEFAULT NULL,
  `preferredLocale` char(12) COLLATE utf8_unicode_ci DEFAULT NULL,
  `weekStartDay` tinyint(1) unsigned NOT NULL DEFAULT '0',
  `admin` tinyint(1) unsigned NOT NULL DEFAULT '0',
  `client` tinyint(1) unsigned NOT NULL DEFAULT '0',
  `locked` tinyint(1) unsigned NOT NULL DEFAULT '0',
  `suspended` tinyint(1) unsigned NOT NULL DEFAULT '0',
  `pending` tinyint(1) unsigned NOT NULL DEFAULT '0',
  `archived` tinyint(1) unsigned NOT NULL DEFAULT '0',
  `lastLoginDate` datetime DEFAULT NULL,
  `lastLoginAttemptIPAddress` varchar(45) COLLATE utf8_unicode_ci DEFAULT NULL,
  `invalidLoginWindowStart` datetime DEFAULT NULL,
  `invalidLoginCount` tinyint(4) unsigned DEFAULT NULL,
  `lastInvalidLoginDate` datetime DEFAULT NULL,
  `lockoutDate` datetime DEFAULT NULL,
  `verificationCode` char(100) COLLATE utf8_unicode_ci DEFAULT NULL,
  `verificationCodeIssuedDate` datetime DEFAULT NULL,
  `unverifiedEmail` varchar(255) COLLATE utf8_unicode_ci DEFAULT NULL,
  `passwordResetRequired` tinyint(1) unsigned NOT NULL DEFAULT '0',
  `lastPasswordChangeDate` datetime DEFAULT NULL,
  `dateCreated` datetime NOT NULL,
  `dateUpdated` datetime NOT NULL,
  `uid` char(36) COLLATE utf8_unicode_ci NOT NULL DEFAULT '0',
  PRIMARY KEY (`id`),
  UNIQUE KEY `craft_users_username_unq_idx` (`username`),
  UNIQUE KEY `craft_users_email_unq_idx` (`email`),
  KEY `craft_users_verificationCode_idx` (`verificationCode`),
  KEY `craft_users_uid_idx` (`uid`),
  KEY `craft_users_preferredLocale_fk` (`preferredLocale`)
) ENGINE=InnoDB DEFAULT CHARSET=utf8 COLLATE=utf8_unicode_ci;

--
-- Data for table `craft_users`
--

INSERT INTO `craft_users` (`id`, `username`, `photo`, `firstName`, `lastName`, `email`, `password`, `preferredLocale`, `weekStartDay`, `admin`, `client`, `locked`, `suspended`, `pending`, `archived`, `lastLoginDate`, `lastLoginAttemptIPAddress`, `invalidLoginWindowStart`, `invalidLoginCount`, `lastInvalidLoginDate`, `lockoutDate`, `verificationCode`, `verificationCodeIssuedDate`, `unverifiedEmail`, `passwordResetRequired`, `lastPasswordChangeDate`, `dateCreated`, `dateUpdated`, `uid`) VALUES
 ('1', 'admin', NULL, '', '', 'dkuz001@gmail.com', '$2y$13$uA0xV9iFdNrFMiFNamwW2OlTxOfRNVarjMHE4SaFtzPNXdtedKFPG', NULL, '0', '1', '0', '0', '0', '0', '0', '2017-12-17 18:27:33', '::1', NULL, NULL, NULL, NULL, NULL, NULL, NULL, '0', '2017-12-14 16:10:47', '2017-12-10 19:43:09', '2017-12-17 18:27:33', 'db7527aa-c87b-41fa-b2bf-9a76f59e89b9');



DROP TABLE IF EXISTS `craft_widgets`;


--
-- Schema for table `craft_widgets`
--
CREATE TABLE `craft_widgets` (
  `id` int(11) NOT NULL AUTO_INCREMENT,
  `userId` int(11) NOT NULL,
  `type` varchar(150) COLLATE utf8_unicode_ci NOT NULL,
  `sortOrder` smallint(6) unsigned DEFAULT NULL,
  `colspan` tinyint(4) unsigned DEFAULT NULL,
  `settings` text COLLATE utf8_unicode_ci,
  `enabled` tinyint(1) unsigned NOT NULL DEFAULT '1',
  `dateCreated` datetime NOT NULL,
  `dateUpdated` datetime NOT NULL,
  `uid` char(36) COLLATE utf8_unicode_ci NOT NULL DEFAULT '0',
  PRIMARY KEY (`id`),
  KEY `craft_widgets_userId_fk` (`userId`)
) ENGINE=InnoDB AUTO_INCREMENT=5 DEFAULT CHARSET=utf8 COLLATE=utf8_unicode_ci;

--
-- Data for table `craft_widgets`
--

INSERT INTO `craft_widgets` (`id`, `userId`, `type`, `sortOrder`, `colspan`, `settings`, `enabled`, `dateCreated`, `dateUpdated`, `uid`) VALUES
 ('1', '1', 'RecentEntries', '1', NULL, NULL, '1', '2017-12-10 19:43:23', '2017-12-10 19:43:23', '0b1e8d08-4d9e-4b21-ab04-ac9d12a2f8b2'),
 ('2', '1', 'GetHelp', '2', NULL, NULL, '1', '2017-12-10 19:43:23', '2017-12-10 19:43:23', '838dcd1e-3d53-40a0-afb3-98cff227821a'),
 ('3', '1', 'Updates', '3', NULL, NULL, '1', '2017-12-10 19:43:23', '2017-12-10 19:43:23', '69f3fbc9-ffd0-4869-bee2-2319c3f4ff8b'),
 ('4', '1', 'Feed', '4', NULL, '{\"url\":\"https:\\/\\/craftcms.com\\/news.rss\",\"title\":\"Craft News\"}', '1', '2017-12-10 19:43:23', '2017-12-10 19:43:23', 'ef132b64-960d-4497-aeba-9e41b9f8aba3');


--
-- Constraints for tables
--


--
-- Constraints for table `craft_assetfiles`
--
ALTER TABLE `craft_assetfiles`
	ADD CONSTRAINT `craft_assetfiles_folderId_fk` FOREIGN KEY (`folderId`) REFERENCES `craft_assetfolders` (`id`) ON DELETE CASCADE,
	ADD CONSTRAINT `craft_assetfiles_id_fk` FOREIGN KEY (`id`) REFERENCES `craft_elements` (`id`) ON DELETE CASCADE,
	ADD CONSTRAINT `craft_assetfiles_sourceId_fk` FOREIGN KEY (`sourceId`) REFERENCES `craft_assetsources` (`id`) ON DELETE CASCADE;

--
-- Constraints for table `craft_assetfolders`
--
ALTER TABLE `craft_assetfolders`
	ADD CONSTRAINT `craft_assetfolders_parentId_fk` FOREIGN KEY (`parentId`) REFERENCES `craft_assetfolders` (`id`) ON DELETE CASCADE,
	ADD CONSTRAINT `craft_assetfolders_sourceId_fk` FOREIGN KEY (`sourceId`) REFERENCES `craft_assetsources` (`id`) ON DELETE CASCADE;

--
-- Constraints for table `craft_assetindexdata`
--
ALTER TABLE `craft_assetindexdata`
	ADD CONSTRAINT `craft_assetindexdata_sourceId_fk` FOREIGN KEY (`sourceId`) REFERENCES `craft_assetsources` (`id`) ON DELETE CASCADE;

--
-- Constraints for table `craft_assetsources`
--
ALTER TABLE `craft_assetsources`
	ADD CONSTRAINT `craft_assetsources_fieldLayoutId_fk` FOREIGN KEY (`fieldLayoutId`) REFERENCES `craft_fieldlayouts` (`id`) ON DELETE SET NULL;

--
-- Constraints for table `craft_categories`
--
ALTER TABLE `craft_categories`
	ADD CONSTRAINT `craft_categories_groupId_fk` FOREIGN KEY (`groupId`) REFERENCES `craft_categorygroups` (`id`) ON DELETE CASCADE,
	ADD CONSTRAINT `craft_categories_id_fk` FOREIGN KEY (`id`) REFERENCES `craft_elements` (`id`) ON DELETE CASCADE;

--
-- Constraints for table `craft_categorygroups`
--
ALTER TABLE `craft_categorygroups`
	ADD CONSTRAINT `craft_categorygroups_fieldLayoutId_fk` FOREIGN KEY (`fieldLayoutId`) REFERENCES `craft_fieldlayouts` (`id`) ON DELETE SET NULL,
	ADD CONSTRAINT `craft_categorygroups_structureId_fk` FOREIGN KEY (`structureId`) REFERENCES `craft_structures` (`id`) ON DELETE CASCADE;

--
-- Constraints for table `craft_categorygroups_i18n`
--
ALTER TABLE `craft_categorygroups_i18n`
	ADD CONSTRAINT `craft_categorygroups_i18n_groupId_fk` FOREIGN KEY (`groupId`) REFERENCES `craft_categorygroups` (`id`) ON DELETE CASCADE,
	ADD CONSTRAINT `craft_categorygroups_i18n_locale_fk` FOREIGN KEY (`locale`) REFERENCES `craft_locales` (`locale`) ON DELETE CASCADE ON UPDATE CASCADE;

--
-- Constraints for table `craft_content`
--
ALTER TABLE `craft_content`
	ADD CONSTRAINT `craft_content_elementId_fk` FOREIGN KEY (`elementId`) REFERENCES `craft_elements` (`id`) ON DELETE CASCADE,
	ADD CONSTRAINT `craft_content_locale_fk` FOREIGN KEY (`locale`) REFERENCES `craft_locales` (`locale`) ON DELETE CASCADE ON UPDATE CASCADE;

--
-- Constraints for table `craft_elements_i18n`
--
ALTER TABLE `craft_elements_i18n`
	ADD CONSTRAINT `craft_elements_i18n_elementId_fk` FOREIGN KEY (`elementId`) REFERENCES `craft_elements` (`id`) ON DELETE CASCADE,
	ADD CONSTRAINT `craft_elements_i18n_locale_fk` FOREIGN KEY (`locale`) REFERENCES `craft_locales` (`locale`) ON DELETE CASCADE ON UPDATE CASCADE;

--
-- Constraints for table `craft_emailmessages`
--
ALTER TABLE `craft_emailmessages`
	ADD CONSTRAINT `craft_emailmessages_locale_fk` FOREIGN KEY (`locale`) REFERENCES `craft_locales` (`locale`) ON DELETE CASCADE ON UPDATE CASCADE;

--
-- Constraints for table `craft_entries`
--
ALTER TABLE `craft_entries`
	ADD CONSTRAINT `craft_entries_authorId_fk` FOREIGN KEY (`authorId`) REFERENCES `craft_users` (`id`) ON DELETE CASCADE,
	ADD CONSTRAINT `craft_entries_id_fk` FOREIGN KEY (`id`) REFERENCES `craft_elements` (`id`) ON DELETE CASCADE,
	ADD CONSTRAINT `craft_entries_sectionId_fk` FOREIGN KEY (`sectionId`) REFERENCES `craft_sections` (`id`) ON DELETE CASCADE,
	ADD CONSTRAINT `craft_entries_typeId_fk` FOREIGN KEY (`typeId`) REFERENCES `craft_entrytypes` (`id`) ON DELETE CASCADE;

--
-- Constraints for table `craft_entrydrafts`
--
ALTER TABLE `craft_entrydrafts`
	ADD CONSTRAINT `craft_entrydrafts_creatorId_fk` FOREIGN KEY (`creatorId`) REFERENCES `craft_users` (`id`) ON DELETE CASCADE,
	ADD CONSTRAINT `craft_entrydrafts_entryId_fk` FOREIGN KEY (`entryId`) REFERENCES `craft_entries` (`id`) ON DELETE CASCADE,
	ADD CONSTRAINT `craft_entrydrafts_locale_fk` FOREIGN KEY (`locale`) REFERENCES `craft_locales` (`locale`) ON DELETE CASCADE ON UPDATE CASCADE,
	ADD CONSTRAINT `craft_entrydrafts_sectionId_fk` FOREIGN KEY (`sectionId`) REFERENCES `craft_sections` (`id`) ON DELETE CASCADE;

--
-- Constraints for table `craft_entrytypes`
--
ALTER TABLE `craft_entrytypes`
	ADD CONSTRAINT `craft_entrytypes_fieldLayoutId_fk` FOREIGN KEY (`fieldLayoutId`) REFERENCES `craft_fieldlayouts` (`id`) ON DELETE SET NULL,
	ADD CONSTRAINT `craft_entrytypes_sectionId_fk` FOREIGN KEY (`sectionId`) REFERENCES `craft_sections` (`id`) ON DELETE CASCADE;

--
-- Constraints for table `craft_entryversions`
--
ALTER TABLE `craft_entryversions`
	ADD CONSTRAINT `craft_entryversions_creatorId_fk` FOREIGN KEY (`creatorId`) REFERENCES `craft_users` (`id`) ON DELETE SET NULL,
	ADD CONSTRAINT `craft_entryversions_entryId_fk` FOREIGN KEY (`entryId`) REFERENCES `craft_entries` (`id`) ON DELETE CASCADE,
	ADD CONSTRAINT `craft_entryversions_locale_fk` FOREIGN KEY (`locale`) REFERENCES `craft_locales` (`locale`) ON DELETE CASCADE ON UPDATE CASCADE,
	ADD CONSTRAINT `craft_entryversions_sectionId_fk` FOREIGN KEY (`sectionId`) REFERENCES `craft_sections` (`id`) ON DELETE CASCADE;

--
-- Constraints for table `craft_fieldlayoutfields`
--
ALTER TABLE `craft_fieldlayoutfields`
	ADD CONSTRAINT `craft_fieldlayoutfields_fieldId_fk` FOREIGN KEY (`fieldId`) REFERENCES `craft_fields` (`id`) ON DELETE CASCADE,
	ADD CONSTRAINT `craft_fieldlayoutfields_layoutId_fk` FOREIGN KEY (`layoutId`) REFERENCES `craft_fieldlayouts` (`id`) ON DELETE CASCADE,
	ADD CONSTRAINT `craft_fieldlayoutfields_tabId_fk` FOREIGN KEY (`tabId`) REFERENCES `craft_fieldlayouttabs` (`id`) ON DELETE CASCADE;

--
-- Constraints for table `craft_fieldlayouttabs`
--
ALTER TABLE `craft_fieldlayouttabs`
	ADD CONSTRAINT `craft_fieldlayouttabs_layoutId_fk` FOREIGN KEY (`layoutId`) REFERENCES `craft_fieldlayouts` (`id`) ON DELETE CASCADE;

--
-- Constraints for table `craft_fields`
--
ALTER TABLE `craft_fields`
	ADD CONSTRAINT `craft_fields_groupId_fk` FOREIGN KEY (`groupId`) REFERENCES `craft_fieldgroups` (`id`) ON DELETE CASCADE;

--
-- Constraints for table `craft_globalsets`
--
ALTER TABLE `craft_globalsets`
	ADD CONSTRAINT `craft_globalsets_fieldLayoutId_fk` FOREIGN KEY (`fieldLayoutId`) REFERENCES `craft_fieldlayouts` (`id`) ON DELETE SET NULL,
	ADD CONSTRAINT `craft_globalsets_id_fk` FOREIGN KEY (`id`) REFERENCES `craft_elements` (`id`) ON DELETE CASCADE;

--
-- Constraints for table `craft_matrixblocks`
--
ALTER TABLE `craft_matrixblocks`
	ADD CONSTRAINT `craft_matrixblocks_fieldId_fk` FOREIGN KEY (`fieldId`) REFERENCES `craft_fields` (`id`) ON DELETE CASCADE,
	ADD CONSTRAINT `craft_matrixblocks_id_fk` FOREIGN KEY (`id`) REFERENCES `craft_elements` (`id`) ON DELETE CASCADE,
	ADD CONSTRAINT `craft_matrixblocks_ownerId_fk` FOREIGN KEY (`ownerId`) REFERENCES `craft_elements` (`id`) ON DELETE CASCADE,
	ADD CONSTRAINT `craft_matrixblocks_ownerLocale_fk` FOREIGN KEY (`ownerLocale`) REFERENCES `craft_locales` (`locale`) ON DELETE CASCADE ON UPDATE CASCADE,
	ADD CONSTRAINT `craft_matrixblocks_typeId_fk` FOREIGN KEY (`typeId`) REFERENCES `craft_matrixblocktypes` (`id`) ON DELETE CASCADE;

--
-- Constraints for table `craft_matrixblocktypes`
--
ALTER TABLE `craft_matrixblocktypes`
	ADD CONSTRAINT `craft_matrixblocktypes_fieldId_fk` FOREIGN KEY (`fieldId`) REFERENCES `craft_fields` (`id`) ON DELETE CASCADE,
	ADD CONSTRAINT `craft_matrixblocktypes_fieldLayoutId_fk` FOREIGN KEY (`fieldLayoutId`) REFERENCES `craft_fieldlayouts` (`id`) ON DELETE SET NULL;

--
-- Constraints for table `craft_matrixcontent_instructionblock`
--
ALTER TABLE `craft_matrixcontent_instructionblock`
	ADD CONSTRAINT `craft_matrixcontent_instructionblock_elementId_fk` FOREIGN KEY (`elementId`) REFERENCES `craft_elements` (`id`) ON DELETE CASCADE,
	ADD CONSTRAINT `craft_matrixcontent_instructionblock_locale_fk` FOREIGN KEY (`locale`) REFERENCES `craft_locales` (`locale`) ON DELETE CASCADE ON UPDATE CASCADE;

--
-- Constraints for table `craft_migrations`
--
ALTER TABLE `craft_migrations`
	ADD CONSTRAINT `craft_migrations_pluginId_fk` FOREIGN KEY (`pluginId`) REFERENCES `craft_plugins` (`id`) ON DELETE CASCADE;

--
-- Constraints for table `craft_relations`
--
ALTER TABLE `craft_relations`
	ADD CONSTRAINT `craft_relations_fieldId_fk` FOREIGN KEY (`fieldId`) REFERENCES `craft_fields` (`id`) ON DELETE CASCADE,
	ADD CONSTRAINT `craft_relations_sourceId_fk` FOREIGN KEY (`sourceId`) REFERENCES `craft_elements` (`id`) ON DELETE CASCADE,
	ADD CONSTRAINT `craft_relations_sourceLocale_fk` FOREIGN KEY (`sourceLocale`) REFERENCES `craft_locales` (`locale`) ON DELETE CASCADE ON UPDATE CASCADE,
	ADD CONSTRAINT `craft_relations_targetId_fk` FOREIGN KEY (`targetId`) REFERENCES `craft_elements` (`id`) ON DELETE CASCADE;

--
-- Constraints for table `craft_routes`
--
ALTER TABLE `craft_routes`
	ADD CONSTRAINT `craft_routes_locale_fk` FOREIGN KEY (`locale`) REFERENCES `craft_locales` (`locale`) ON DELETE CASCADE ON UPDATE CASCADE;

--
-- Constraints for table `craft_sections`
--
ALTER TABLE `craft_sections`
	ADD CONSTRAINT `craft_sections_structureId_fk` FOREIGN KEY (`structureId`) REFERENCES `craft_structures` (`id`) ON DELETE SET NULL;

--
-- Constraints for table `craft_sections_i18n`
--
ALTER TABLE `craft_sections_i18n`
	ADD CONSTRAINT `craft_sections_i18n_locale_fk` FOREIGN KEY (`locale`) REFERENCES `craft_locales` (`locale`) ON DELETE CASCADE ON UPDATE CASCADE,
	ADD CONSTRAINT `craft_sections_i18n_sectionId_fk` FOREIGN KEY (`sectionId`) REFERENCES `craft_sections` (`id`) ON DELETE CASCADE;

--
-- Constraints for table `craft_sessions`
--
ALTER TABLE `craft_sessions`
	ADD CONSTRAINT `craft_sessions_userId_fk` FOREIGN KEY (`userId`) REFERENCES `craft_users` (`id`) ON DELETE CASCADE;

--
-- Constraints for table `craft_shunnedmessages`
--
ALTER TABLE `craft_shunnedmessages`
	ADD CONSTRAINT `craft_shunnedmessages_userId_fk` FOREIGN KEY (`userId`) REFERENCES `craft_users` (`id`) ON DELETE CASCADE;

--
-- Constraints for table `craft_structureelements`
--
ALTER TABLE `craft_structureelements`
	ADD CONSTRAINT `craft_structureelements_elementId_fk` FOREIGN KEY (`elementId`) REFERENCES `craft_elements` (`id`) ON DELETE CASCADE,
	ADD CONSTRAINT `craft_structureelements_structureId_fk` FOREIGN KEY (`structureId`) REFERENCES `craft_structures` (`id`) ON DELETE CASCADE;

--
-- Constraints for table `craft_taggroups`
--
ALTER TABLE `craft_taggroups`
	ADD CONSTRAINT `craft_taggroups_fieldLayoutId_fk` FOREIGN KEY (`fieldLayoutId`) REFERENCES `craft_fieldlayouts` (`id`) ON DELETE SET NULL;

--
-- Constraints for table `craft_tags`
--
ALTER TABLE `craft_tags`
	ADD CONSTRAINT `craft_tags_groupId_fk` FOREIGN KEY (`groupId`) REFERENCES `craft_taggroups` (`id`) ON DELETE CASCADE,
	ADD CONSTRAINT `craft_tags_id_fk` FOREIGN KEY (`id`) REFERENCES `craft_elements` (`id`) ON DELETE CASCADE;

--
-- Constraints for table `craft_templatecachecriteria`
--
ALTER TABLE `craft_templatecachecriteria`
	ADD CONSTRAINT `craft_templatecachecriteria_cacheId_fk` FOREIGN KEY (`cacheId`) REFERENCES `craft_templatecaches` (`id`) ON DELETE CASCADE;

--
-- Constraints for table `craft_templatecacheelements`
--
ALTER TABLE `craft_templatecacheelements`
	ADD CONSTRAINT `craft_templatecacheelements_cacheId_fk` FOREIGN KEY (`cacheId`) REFERENCES `craft_templatecaches` (`id`) ON DELETE CASCADE,
	ADD CONSTRAINT `craft_templatecacheelements_elementId_fk` FOREIGN KEY (`elementId`) REFERENCES `craft_elements` (`id`) ON DELETE CASCADE;

--
-- Constraints for table `craft_templatecaches`
--
ALTER TABLE `craft_templatecaches`
	ADD CONSTRAINT `craft_templatecaches_locale_fk` FOREIGN KEY (`locale`) REFERENCES `craft_locales` (`locale`) ON DELETE CASCADE ON UPDATE CASCADE;

--
-- Constraints for table `craft_usergroups_users`
--
ALTER TABLE `craft_usergroups_users`
	ADD CONSTRAINT `craft_usergroups_users_groupId_fk` FOREIGN KEY (`groupId`) REFERENCES `craft_usergroups` (`id`) ON DELETE CASCADE,
	ADD CONSTRAINT `craft_usergroups_users_userId_fk` FOREIGN KEY (`userId`) REFERENCES `craft_users` (`id`) ON DELETE CASCADE;

--
-- Constraints for table `craft_userpermissions_usergroups`
--
ALTER TABLE `craft_userpermissions_usergroups`
	ADD CONSTRAINT `craft_userpermissions_usergroups_groupId_fk` FOREIGN KEY (`groupId`) REFERENCES `craft_usergroups` (`id`) ON DELETE CASCADE,
	ADD CONSTRAINT `craft_userpermissions_usergroups_permissionId_fk` FOREIGN KEY (`permissionId`) REFERENCES `craft_userpermissions` (`id`) ON DELETE CASCADE;

--
-- Constraints for table `craft_userpermissions_users`
--
ALTER TABLE `craft_userpermissions_users`
	ADD CONSTRAINT `craft_userpermissions_users_permissionId_fk` FOREIGN KEY (`permissionId`) REFERENCES `craft_userpermissions` (`id`) ON DELETE CASCADE,
	ADD CONSTRAINT `craft_userpermissions_users_userId_fk` FOREIGN KEY (`userId`) REFERENCES `craft_users` (`id`) ON DELETE CASCADE;

--
-- Constraints for table `craft_users`
--
ALTER TABLE `craft_users`
	ADD CONSTRAINT `craft_users_id_fk` FOREIGN KEY (`id`) REFERENCES `craft_elements` (`id`) ON DELETE CASCADE,
	ADD CONSTRAINT `craft_users_preferredLocale_fk` FOREIGN KEY (`preferredLocale`) REFERENCES `craft_locales` (`locale`) ON DELETE SET NULL ON UPDATE CASCADE;

--
-- Constraints for table `craft_widgets`
--
ALTER TABLE `craft_widgets`
	ADD CONSTRAINT `craft_widgets_userId_fk` FOREIGN KEY (`userId`) REFERENCES `craft_users` (`id`) ON DELETE CASCADE;

SET FOREIGN_KEY_CHECKS = 1;
